price,volume,time,buysell,ordtype,date,dollaramount
36629.30000,0.00265967,1643147229.2935,buy,limit,2022-01-25 21:47:09.293499904,97.421850331
36632.20000,0.00063930,1643147229.2948,buy,limit,2022-01-25 21:47:09.294800128,23.41896546
36633.70000,0.14161016,1643147229.2961,buy,limit,2022-01-25 21:47:09.296099840,5187.704118392
36633.70000,0.08795131,1643147229.2972,buy,limit,2022-01-25 21:47:09.297199872,3221.981905147
36633.70000,0.05990556,1643147229.391,buy,limit,2022-01-25 21:47:09.391000064,2194.5623133719996
36633.70000,0.11968221,1643147229.3921,buy,limit,2022-01-25 21:47:09.392100096,4384.402176477
36636.00000,0.00272952,1643147243.7919,buy,market,2022-01-25 21:47:23.791899904,99.99869472
36636.00000,0.00120000,1643147244.111,buy,market,2022-01-25 21:47:24.111000064,43.96319999999999
36639.60000,0.00010000,1643147245.5464,buy,market,2022-01-25 21:47:25.546400000,3.66396
36611.00000,0.00329607,1643147257.3313,sell,market,2022-01-25 21:47:37.331300096,120.67241877
36613.90000,0.00045905,1643147265.905,buy,limit,2022-01-25 21:47:45.904999936,16.807610795000002
36610.00000,0.00190995,1643147268.0303,buy,market,2022-01-25 21:47:48.030299904,69.9232695
36609.20000,0.00093464,1643147270.745,buy,market,2022-01-25 21:47:50.744999936,34.216422688
36618.20000,0.02143983,1643147273.7103,buy,market,2022-01-25 21:47:53.710299904,785.087982906
36591.40000,0.02000000,1643147285.3581,buy,market,2022-01-25 21:48:05.358099968,731.8280000000001
36573.40000,0.17398600,1643147292.2924,buy,market,2022-01-25 21:48:12.292399872,6363.2595724
36571.50000,0.00270270,1643147327.0994,buy,limit,2022-01-25 21:48:47.099399936,98.84179305
36571.50000,0.00329273,1643147333.9323,buy,market,2022-01-25 21:48:53.932300032,120.420075195
36571.50000,0.00186292,1643147346.2887,buy,market,2022-01-25 21:49:06.288700160,68.12977878
36571.50000,0.03417962,1643147356.0241,buy,market,2022-01-25 21:49:16.024100096,1249.99997283
36571.50000,0.02000000,1643147356.3604,buy,market,2022-01-25 21:49:16.360399872,731.4300000000001
36571.50000,0.00147041,1643147370.2322,buy,limit,2022-01-25 21:49:30.232199936,53.775099315
36571.50000,0.00311275,1643147381.1654,buy,limit,2022-01-25 21:49:41.165400064,113.837936625
36571.50000,0.00266600,1643147387.5888,buy,market,2022-01-25 21:49:47.588800000,97.499619
36571.50000,0.00211128,1643147392.324,buy,limit,2022-01-25 21:49:52.324000000,77.21267652
36571.50000,0.00133635,1643147396.8358,buy,market,2022-01-25 21:49:56.835799808,48.872324025000005
36571.50000,0.02000000,1643147399.5312,buy,market,2022-01-25 21:49:59.531200000,731.4300000000001
36571.50000,0.01266900,1643147410.9424,buy,market,2022-01-25 21:50:10.942400000,463.32433349999997
36571.50000,0.00252107,1643147415.2845,buy,market,2022-01-25 21:50:15.284499968,92.199311505
36571.40000,0.00018283,1643147415.4285,sell,market,2022-01-25 21:50:15.428499968,6.686349062000001
36571.40000,0.00060062,1643147415.4301,sell,market,2022-01-25 21:50:15.430099968,21.965514268
36552.20000,0.01806030,1643147415.431,sell,market,2022-01-25 21:50:15.431000064,660.14369766
36524.90000,0.03800000,1643147425.9708,sell,limit,2022-01-25 21:50:25.970799872,1387.9462
36536.50000,0.00100100,1643147432.1906,buy,limit,2022-01-25 21:50:32.190599936,36.5730365
36533.00000,0.06835942,1643147436.836,buy,market,2022-01-25 21:50:36.836000000,2497.37469086
36527.90000,0.02500000,1643147440.5436,buy,limit,2022-01-25 21:50:40.543600128,913.1975000000001
36513.20000,0.02000000,1643147449.9884,buy,market,2022-01-25 21:50:49.988399872,730.264
36487.60000,0.02000000,1643147457.6087,buy,market,2022-01-25 21:50:57.608700160,729.752
36484.00000,0.00051703,1643147459.6285,buy,market,2022-01-25 21:50:59.628499968,18.86332252
36481.90000,0.01552662,1643147463.5887,buy,market,2022-01-25 21:51:03.588700160,566.440598178
36470.10000,0.02000000,1643147470.0401,buy,market,2022-01-25 21:51:10.040100096,729.4019999999999
36470.00000,0.00099533,1643147470.0818,sell,limit,2022-01-25 21:51:10.081799936,36.2996851
36480.60000,0.02737093,1643147475.9384,buy,limit,2022-01-25 21:51:15.938400000,998.507948958
36480.50000,0.00266652,1643147479.5869,buy,market,2022-01-25 21:51:19.586899968,97.27598286
36480.10000,0.02000000,1643147482.0133,buy,market,2022-01-25 21:51:22.013299968,729.602
36507.70000,0.23255623,1643147492.434,buy,market,2022-01-25 21:51:32.434000128,8490.093077971
36512.90000,0.00182356,1643147502.4851,buy,market,2022-01-25 21:51:42.485100032,66.583463924
36526.10000,0.02283465,1643147525.951,buy,market,2022-01-25 21:52:05.951000064,834.060709365
36524.50000,0.01368943,1643147539.3952,buy,limit,2022-01-25 21:52:19.395200000,499.99958603500005
36526.60000,0.00364791,1643147539.3965,buy,limit,2022-01-25 21:52:19.396500224,133.245749406
36522.70000,1.00000000,1643147546.7643,sell,market,2022-01-25 21:52:26.764300032,36522.7
36524.60000,0.01368937,1643147547.5947,buy,market,2022-01-25 21:52:27.594700032,499.998763502
36532.30000,0.00039461,1643147556.0763,sell,market,2022-01-25 21:52:36.076300032,14.416010903
36532.30000,0.00233379,1643147556.0781,sell,market,2022-01-25 21:52:36.078099968,85.25871641700002
36532.30000,0.09727160,1643147556.0794,sell,market,2022-01-25 21:52:36.079399936,3553.55527268
36532.20000,0.28164650,1643147556.0803,sell,market,2022-01-25 21:52:36.080300032,10289.1662673
36559.90000,0.03430501,1643147562.463,buy,limit,2022-01-25 21:52:42.463000064,1254.1877350989998
36567.00000,0.00010000,1643147563.5911,buy,market,2022-01-25 21:52:43.591099904,3.6567000000000003
36574.90000,0.00131880,1643147572.0428,buy,market,2022-01-25 21:52:52.042799872,48.23497812
36568.60000,0.00424400,1643147572.3683,sell,limit,2022-01-25 21:52:52.368300032,155.1971384
36568.70000,0.00023542,1643147573.5551,sell,limit,2022-01-25 21:52:53.555099904,8.609003353999999
36547.10000,0.00659441,1643147587.7003,sell,limit,2022-01-25 21:53:07.700300032,241.006561711
36546.90000,0.00547155,1643147588.7673,sell,market,2022-01-25 21:53:08.767299840,199.96819069500003
36548.60000,0.00681682,1643147597.6126,buy,limit,2022-01-25 21:53:17.612600064,249.145227452
36548.60000,0.10051989,1643147597.6253,buy,market,2022-01-25 21:53:17.625299968,3673.8612516539997
36548.50000,0.03203203,1643147601.3247,buy,limit,2022-01-25 21:53:21.324700160,1170.7226484550001
36563.60000,0.00179179,1643147636.0819,buy,limit,2022-01-25 21:53:56.081899776,65.514292844
36554.40000,0.00091779,1643147645.9465,buy,market,2022-01-25 21:54:05.946500096,33.549262776
36562.20000,0.00594990,1643147645.9477,buy,market,2022-01-25 21:54:05.947699968,217.54143377999998
36565.20000,0.00167890,1643147648.6749,buy,limit,2022-01-25 21:54:08.674899968,61.38931428
36558.20000,0.00547001,1643147650.7831,sell,market,2022-01-25 21:54:10.783099904,199.97371958199997
36592.80000,0.00260000,1643147667.6622,sell,market,2022-01-25 21:54:27.662200064,95.14128000000001
36609.70000,0.00100000,1643147672.6028,buy,limit,2022-01-25 21:54:32.602799872,36.6097
36609.70000,0.00038028,1643147676.1618,buy,market,2022-01-25 21:54:36.161799936,13.921936715999998
36619.90000,0.00246939,1643147676.163,buy,market,2022-01-25 21:54:36.163000064,90.428814861
36634.40000,0.00254691,1643147676.1641,buy,market,2022-01-25 21:54:36.164099840,93.304519704
36635.60000,0.03800000,1643147676.1651,buy,market,2022-01-25 21:54:36.165100032,1392.1527999999998
36636.00000,0.00246463,1643147676.1663,buy,market,2022-01-25 21:54:36.166300160,90.29418468
36639.20000,0.22707640,1643147676.1675,buy,market,2022-01-25 21:54:36.167500032,8319.89763488
36648.50000,0.00082872,1643147684.2203,buy,limit,2022-01-25 21:54:44.220300032,30.371344920000002
36656.00000,0.15427639,1643147684.2218,buy,limit,2022-01-25 21:54:44.221800192,5655.155351840001
36653.10000,0.02033033,1643147687.1369,buy,limit,2022-01-25 21:54:47.136899840,745.1696185229999
36646.10000,0.00218218,1643147694.2573,buy,limit,2022-01-25 21:54:54.257299968,79.968386498
36646.00000,0.00487035,1643147695.4857,buy,market,2022-01-25 21:54:55.485699840,178.4788461
36653.80000,0.00644410,1643147702.6754,buy,market,2022-01-25 21:55:02.675399936,236.20075258000003
36652.20000,0.00355557,1643147704.3587,buy,market,2022-01-25 21:55:04.358700032,130.319462754
36604.20000,0.01146983,1643147722.9983,buy,market,2022-01-25 21:55:22.998300160,419.843951286
36604.20000,0.25817502,1643147729.5051,buy,market,2022-01-25 21:55:29.505100032,9450.290067083999
36604.20000,0.00023323,1643147729.607,buy,limit,2022-01-25 21:55:29.607000064,8.537197566
36604.10000,0.00060774,1643147738.561,sell,limit,2022-01-25 21:55:38.561000192,22.245775734
36596.70000,0.03800000,1643147738.5628,sell,limit,2022-01-25 21:55:38.562799872,1390.6745999999998
36596.70000,0.20000000,1643147738.5643,sell,limit,2022-01-25 21:55:38.564300032,7319.34
36596.70000,0.08445849,1643147738.5665,sell,limit,2022-01-25 21:55:38.566499840,3090.9020209829996
36594.50000,0.59948191,1643147738.5677,sell,limit,2022-01-25 21:55:38.567699968,21937.740755494997
36594.40000,0.13836239,1643147738.5691,sell,limit,2022-01-25 21:55:38.569099776,5063.288644616
36594.30000,0.14737865,1643147738.5704,sell,limit,2022-01-25 21:55:38.570400000,5393.218531695001
36593.00000,0.03800000,1643147738.5715,sell,limit,2022-01-25 21:55:38.571500032,1390.5339999999999
36591.10000,0.14589940,1643147738.5729,sell,limit,2022-01-25 21:55:38.572900096,5338.61953534
36589.40000,0.48420000,1643147738.5743,sell,limit,2022-01-25 21:55:38.574300160,17716.587480000002
36589.30000,0.03800000,1643147738.5756,sell,limit,2022-01-25 21:55:38.575599872,1390.3934000000002
36588.60000,0.08929000,1643147738.5771,sell,limit,2022-01-25 21:55:38.577100032,3266.9960939999996
36585.70000,0.05873568,1643147738.5786,sell,limit,2022-01-25 21:55:38.578599936,2148.8859677759997
36585.60000,0.03800000,1643147738.5799,sell,limit,2022-01-25 21:55:38.579899904,1390.2528
36581.30000,0.01366817,1643147738.5815,sell,limit,2022-01-25 21:55:38.581500160,499.9994272210001
36580.50000,0.03800000,1643147738.5829,sell,limit,2022-01-25 21:55:38.582899968,1390.059
36579.70000,0.58428598,1643147738.5846,sell,limit,2022-01-25 21:55:38.584600064,21373.005862605998
36597.00000,4.09840920,1643147744.9216,sell,market,2022-01-25 21:55:44.921600000,149989.4814924
36595.50000,0.75000000,1643147744.9245,sell,market,2022-01-25 21:55:44.924499968,27446.625
36593.40000,0.14818240,1643147744.9256,sell,market,2022-01-25 21:55:44.925600000,5422.49783616
36591.80000,0.03800000,1643147744.9267,sell,market,2022-01-25 21:55:44.926700032,1390.4884000000002
36589.00000,0.57942548,1643147744.9281,sell,market,2022-01-25 21:55:44.928100096,21200.598887720003
36588.90000,0.13896160,1643147744.9292,sell,market,2022-01-25 21:55:44.929199872,5084.4520862399995
36588.90000,0.14897859,1643147744.9302,sell,market,2022-01-25 21:55:44.930200064,5450.962731651
36586.50000,0.03800000,1643147744.9313,sell,market,2022-01-25 21:55:44.931299840,1390.287
36585.10000,0.14121653,1643147744.9325,sell,market,2022-01-25 21:55:44.932499968,5166.420871703
36584.70000,0.00691496,1643147744.9334,sell,market,2022-01-25 21:55:44.933399808,252.981737112
36582.70000,0.37984162,1643147744.9349,sell,market,2022-01-25 21:55:44.934899968,13895.632031973999
36582.70000,0.40570200,1643147744.936,sell,market,2022-01-25 21:55:44.936000000,14841.674555399999
36582.60000,0.28940684,1643147744.9379,sell,market,2022-01-25 21:55:44.937900032,10587.254664983999
36581.20000,2.83696078,1643147744.9391,sell,market,2022-01-25 21:55:44.939099904,103779.429685336
36605.10000,0.00234295,1643147755.7319,buy,market,2022-01-25 21:55:55.731899904,85.763919045
36617.00000,0.01294000,1643147760.657,sell,limit,2022-01-25 21:56:00.657000192,473.82398
36620.10000,0.00240864,1643147765.9786,buy,market,2022-01-25 21:56:05.978599936,88.204637664
36619.90000,0.10000000,1643147768.0278,sell,market,2022-01-25 21:56:08.027800064,3661.9900000000002
36619.90000,0.10000000,1643147768.031,sell,market,2022-01-25 21:56:08.030999808,3661.9900000000002
36619.80000,0.40000000,1643147768.0329,sell,market,2022-01-25 21:56:08.032900096,14647.920000000002
36619.80000,0.50000000,1643147768.0352,sell,market,2022-01-25 21:56:08.035200000,18309.9
36620.40000,0.00273178,1643147774.3994,buy,market,2022-01-25 21:56:14.399399936,100.038876312
36620.40000,0.00061897,1643147785.4481,buy,market,2022-01-25 21:56:25.448100096,22.666928988000002
36620.40000,0.02000000,1643147787.6378,buy,market,2022-01-25 21:56:27.637799936,732.408
36620.40000,0.01900000,1643147789.1263,buy,market,2022-01-25 21:56:29.126300160,695.7876
36620.40000,0.00200000,1643147790.5665,buy,market,2022-01-25 21:56:30.566499840,73.24080000000001
36620.40000,0.01000000,1643147791.9299,buy,market,2022-01-25 21:56:31.929900032,366.204
36620.40000,0.01200000,1643147793.2949,buy,market,2022-01-25 21:56:33.294899968,439.44480000000004
36620.40000,0.03200000,1643147794.7365,buy,market,2022-01-25 21:56:34.736499968,1171.8528000000001
36620.40000,0.01100000,1643147795.9716,buy,market,2022-01-25 21:56:35.971600128,402.82439999999997
36620.40000,0.01200000,1643147798.0965,buy,market,2022-01-25 21:56:38.096499968,439.44480000000004
36620.40000,0.00038269,1643147804.7168,buy,market,2022-01-25 21:56:44.716800000,14.014260876
36620.30000,0.00058210,1643147806.9194,sell,limit,2022-01-25 21:56:46.919399936,21.316676630000003
36620.40000,0.00340340,1643147814.4835,buy,limit,2022-01-25 21:56:54.483500032,124.63386936
36620.40000,0.00039008,1643147815.2531,buy,market,2022-01-25 21:56:55.253100032,14.284885632
36620.40000,0.02409220,1643147823.4304,buy,limit,2022-01-25 21:57:03.430400000,882.2660008800001
36620.40000,0.01271127,1643147826.5429,buy,market,2022-01-25 21:57:06.542899968,465.49179190800004
36620.30000,0.00261864,1643147835.6694,sell,limit,2022-01-25 21:57:15.669400064,95.89538239200002
36620.30000,0.06024540,1643147838.5959,sell,limit,2022-01-25 21:57:18.595900160,2206.20462162
36620.40000,0.00171171,1643147846.8427,buy,limit,2022-01-25 21:57:26.842700032,62.683504884
36620.40000,0.03000000,1643147852.4825,buy,limit,2022-01-25 21:57:32.482500096,1098.612
36620.40000,0.00682290,1643147852.7333,buy,limit,2022-01-25 21:57:32.733299968,249.85732716
36620.40000,0.63196411,1643147852.9746,buy,limit,2022-01-25 21:57:32.974600192,23142.778493843998
36620.40000,0.00079556,1643147852.9768,buy,limit,2022-01-25 21:57:32.976800000,29.133725423999998
36620.40000,0.00045295,1643147852.9795,buy,limit,2022-01-25 21:57:32.979500032,16.58721018
36620.40000,0.00011134,1643147852.9809,buy,limit,2022-01-25 21:57:32.980900096,4.077315336
36620.40000,0.00212790,1643147852.9825,buy,limit,2022-01-25 21:57:32.982500096,77.92454916
36620.60000,0.00301900,1643147852.9838,buy,limit,2022-01-25 21:57:32.983799808,110.55759139999999
36632.90000,0.58435235,1643147852.9852,buy,limit,2022-01-25 21:57:32.985199872,21406.521202314998
36632.90000,0.14702229,1643147852.9869,buy,limit,2022-01-25 21:57:32.986899968,5385.852847341001
36632.90000,0.14863932,1643147852.9883,buy,limit,2022-01-25 21:57:32.988300032,5445.089345628
36632.90000,0.13665691,1643147852.9897,buy,limit,2022-01-25 21:57:32.989700096,5006.138918339
36632.90000,0.13949145,1643147852.9911,buy,limit,2022-01-25 21:57:32.991100160,5109.976338705
36633.00000,0.06102274,1643147852.9925,buy,limit,2022-01-25 21:57:32.992499968,2235.44603442
36631.70000,0.00239975,1643147857.814,sell,limit,2022-01-25 21:57:37.813999872,87.906922075
36631.70000,0.20000000,1643147857.8154,sell,limit,2022-01-25 21:57:37.815399936,7326.34
36631.60000,0.79760025,1643147857.8174,sell,limit,2022-01-25 21:57:37.817400064,29217.3733179
36632.00000,0.01000000,1643147867.4437,sell,market,2022-01-25 21:57:47.443699968,366.32
36632.00000,0.01000000,1643147867.4468,sell,market,2022-01-25 21:57:47.446799872,366.32
36640.60000,0.00010000,1643147880.2593,buy,market,2022-01-25 21:58:00.259300096,3.66406
36640.60000,0.00330869,1643147883.6499,buy,market,2022-01-25 21:58:03.649900032,121.232386814
36640.60000,0.00928084,1643147883.6515,buy,market,2022-01-25 21:58:03.651500032,340.055546104
36640.50000,0.00400000,1643147885.7055,sell,limit,2022-01-25 21:58:05.705499904,146.562
36624.60000,0.00150000,1643147892.2662,buy,market,2022-01-25 21:58:12.266200064,54.9369
36624.60000,0.03681248,1643147898.0442,buy,limit,2022-01-25 21:58:18.044199936,1348.242355008
36632.20000,0.02000000,1643147935.2137,buy,market,2022-01-25 21:58:55.213700096,732.644
36624.60000,0.00705052,1643147945.0387,buy,market,2022-01-25 21:59:05.038700032,258.222474792
36624.60000,0.00186311,1643147945.0405,buy,market,2022-01-25 21:59:05.040499968,68.235658506
36624.60000,0.00455676,1643147948.7531,buy,market,2022-01-25 21:59:08.753100032,166.889512296
36624.50000,0.00046547,1643147953.3038,sell,limit,2022-01-25 21:59:13.303800064,17.047606015
36624.50000,0.00045072,1643147953.3054,sell,limit,2022-01-25 21:59:13.305399808,16.50739464
36624.50000,0.00014315,1643147953.307,sell,limit,2022-01-25 21:59:13.306999808,5.242797175000001
36624.50000,0.00984237,1643147953.3086,sell,limit,2022-01-25 21:59:13.308600064,360.471880065
36620.30000,0.02000000,1643147955.3174,sell,limit,2022-01-25 21:59:15.317400064,732.4060000000001
36620.30000,0.01703150,1643147955.3232,sell,limit,2022-01-25 21:59:15.323200000,623.6986394500001
36620.30000,0.02000000,1643147955.7536,sell,limit,2022-01-25 21:59:15.753600000,732.4060000000001
36620.40000,0.00666837,1643147955.973,buy,limit,2022-01-25 21:59:15.972999936,244.19837674800002
36620.30000,0.02310446,1643147956.1096,sell,limit,2022-01-25 21:59:16.109600000,846.0922565380001
36620.30000,0.03799554,1643147956.1107,sell,limit,2022-01-25 21:59:16.110699776,1391.4080734620002
36620.30000,0.00000446,1643147956.1577,sell,limit,2022-01-25 21:59:16.157700096,0.163326538
36568.70000,0.01367289,1643147978.9077,buy,limit,2022-01-25 21:59:38.907699968,499.99981254299996
36570.30000,0.01980739,1643147978.9091,buy,limit,2022-01-25 21:59:38.909100032,724.3621945170001
36568.80000,0.02000000,1643147981.9334,buy,market,2022-01-25 21:59:41.933399808,731.3760000000001
36572.30000,0.02000000,1643147990.2034,buy,market,2022-01-25 21:59:50.203399936,731.446
36571.00000,0.00024492,1643147993.4403,buy,limit,2022-01-25 21:59:53.440300032,8.956969319999999
36572.00000,0.01255917,1643148000.909,buy,market,2022-01-25 22:00:00.908999936,459.31396524
36572.30000,0.00744083,1643148000.9103,buy,market,2022-01-25 22:00:00.910299904,272.128267009
36571.40000,0.00912889,1643148002.4785,buy,limit,2022-01-25 22:00:02.478499840,333.856287746
36570.50000,0.00136718,1643148003.292,buy,market,2022-01-25 22:00:03.292000000,49.99845619
36573.20000,0.01083650,1643148006.0424,buy,market,2022-01-25 22:00:06.042400000,396.3254818
36572.50000,0.11566849,1643148009.8286,buy,limit,2022-01-25 22:00:09.828599808,4230.285850525
36572.50000,0.09990000,1643148009.9526,buy,limit,2022-01-25 22:00:09.952600064,3653.5927500000003
36572.50000,0.16393077,1643148010.0069,buy,limit,2022-01-25 22:00:10.006899968,5995.358085825
36572.50000,0.68275738,1643148010.1187,buy,limit,2022-01-25 22:00:10.118700032,24970.144280049997
36572.50000,0.05765180,1643148010.1938,buy,limit,2022-01-25 22:00:10.193799936,2108.4704555000003
36572.50000,0.02399168,1643148010.3007,buy,limit,2022-01-25 22:00:10.300699904,877.4357168
36572.50000,0.07607515,1643148010.3529,buy,limit,2022-01-25 22:00:10.352900096,2782.258423375
36586.00000,0.20818995,1643148010.3545,buy,limit,2022-01-25 22:00:10.354500096,7616.8375107
36586.00000,0.03322959,1643148010.4891,buy,limit,2022-01-25 22:00:10.489100032,1215.7377797400002
36598.40000,0.03800000,1643148010.4906,buy,limit,2022-01-25 22:00:10.490600192,1390.7392
36598.60000,0.19486299,1643148010.4919,buy,limit,2022-01-25 22:00:10.491899904,7131.712625814001
36601.30000,0.00403378,1643148010.672,buy,limit,2022-01-25 22:00:10.672000000,147.641591914
36601.30000,0.02423946,1643148010.8278,buy,limit,2022-01-25 22:00:10.827800064,887.1957472980001
36620.30000,0.02000000,1643148012.0566,buy,market,2022-01-25 22:00:12.056600064,732.4060000000001
36620.30000,0.04110446,1643148013.6177,buy,market,2022-01-25 22:00:13.617700096,1505.2576565380002
36627.80000,0.00203273,1643148013.619,buy,market,2022-01-25 22:00:13.619000064,74.454427894
36631.00000,0.05686281,1643148013.6202,buy,market,2022-01-25 22:00:13.620199936,2082.94159311
36625.20000,0.00700000,1643148014.1721,sell,market,2022-01-25 22:00:14.172100096,256.3764
36630.60000,0.09667398,1643148020.4836,buy,market,2022-01-25 22:00:20.483599872,3541.225891788
36619.20000,0.01444193,1643148021.3321,buy,market,2022-01-25 22:00:21.332099840,528.8519230559999
36618.40000,0.11582609,1643148025.0298,sell,market,2022-01-25 22:00:25.029799936,4241.366094056
36612.60000,0.00913777,1643148035.8856,buy,market,2022-01-25 22:00:35.885600000,334.557517902
36612.60000,0.00026879,1643148038.2675,buy,market,2022-01-25 22:00:38.267500032,9.841100754
36612.60000,0.02677481,1643148059.6711,buy,limit,2022-01-25 22:00:59.671099904,980.2954086059999
36612.60000,0.00181863,1643148063.4606,buy,market,2022-01-25 22:01:03.460599808,66.584772738
36612.60000,0.00071780,1643148063.4619,buy,market,2022-01-25 22:01:03.461900032,26.280524279999998
36612.60000,0.00122400,1643148069.1695,buy,market,2022-01-25 22:01:09.169500160,44.8138224
36612.50000,0.00172818,1643148070.3774,sell,market,2022-01-25 22:01:10.377399808,63.27299025
36612.50000,0.00211649,1643148070.3789,sell,market,2022-01-25 22:01:10.378899968,77.48999012499999
36605.80000,0.08615533,1643148070.38,sell,market,2022-01-25 22:01:10.380000000,3153.7847789140005
36605.80000,0.00138854,1643148089.4036,buy,market,2022-01-25 22:01:29.403599872,50.828617532
36605.80000,0.00561146,1643148100.2583,buy,limit,2022-01-25 22:01:40.258300160,205.41198246800002
36605.80000,0.00485071,1643148100.2594,buy,limit,2022-01-25 22:01:40.259399936,177.56412011800003
36605.80000,0.00432674,1643148100.2609,buy,limit,2022-01-25 22:01:40.260900096,158.383779092
36620.40000,0.00262947,1643148100.7545,buy,limit,2022-01-25 22:01:40.754499840,96.292243188
36631.00000,0.00278793,1643148108.315,buy,market,2022-01-25 22:01:48.315000064,102.12466383
36631.00000,0.01095523,1643148114.2464,buy,limit,2022-01-25 22:01:54.246400000,401.30103013
36633.10000,0.04877526,1643148114.2474,buy,limit,2022-01-25 22:01:54.247399936,1786.788977106
36633.70000,0.19000000,1643148115.4226,sell,limit,2022-01-25 22:01:55.422599936,6960.402999999999
36632.50000,0.01000000,1643148115.4242,sell,limit,2022-01-25 22:01:55.424199936,366.325
36649.30000,0.19000000,1643148125.0395,sell,limit,2022-01-25 22:02:05.039500032,6963.367
36648.80000,0.02581014,1643148126.6392,buy,market,2022-01-25 22:02:06.639200000,945.9106588320001
36648.80000,0.00124900,1643148129.132,buy,market,2022-01-25 22:02:09.132000000,45.7743512
36648.80000,0.13875033,1643148133.8578,buy,limit,2022-01-25 22:02:13.857799936,5085.033094104
36648.80000,0.02000000,1643148134.3982,buy,limit,2022-01-25 22:02:14.398200064,732.9760000000001
36648.80000,0.01703150,1643148134.4393,buy,limit,2022-01-25 22:02:14.439300096,624.1840372000001
36648.80000,0.09710000,1643148134.8628,buy,limit,2022-01-25 22:02:14.862799872,3558.5984800000006
36648.80000,0.00057863,1643148138.3789,buy,limit,2022-01-25 22:02:18.378899968,21.206095144000003
36648.80000,0.00073389,1643148139.9514,buy,limit,2022-01-25 22:02:19.951399936,26.896187832
36648.80000,0.00128429,1643148143.6884,buy,limit,2022-01-25 22:02:23.688400128,47.06768735200001
36648.80000,0.18702247,1643148151.4134,buy,limit,2022-01-25 22:02:31.413399808,6854.149098536001
36659.80000,0.00189156,1643148151.4145,buy,limit,2022-01-25 22:02:31.414500096,69.34421128800001
36668.10000,0.00010991,1643148151.4159,buy,limit,2022-01-25 22:02:31.415899904,4.030190870999999
36668.50000,0.13733849,1643148151.4175,buy,limit,2022-01-25 22:02:31.417499904,5035.996420565
36670.70000,0.05384307,1643148151.4185,buy,limit,2022-01-25 22:02:31.418499840,1974.4630670489998
36670.70000,0.09071066,1643148151.4231,buy,market,2022-01-25 22:02:31.423099904,3326.4233996619996
36670.80000,0.03428934,1643148151.4246,buy,market,2022-01-25 22:02:31.424599808,1257.4175292720001
36678.10000,0.00134697,1643148154.9345,buy,market,2022-01-25 22:02:34.934500096,49.404300357000004
36681.10000,0.00065303,1643148154.9359,buy,market,2022-01-25 22:02:34.935899904,23.953858732999997
36674.60000,0.02299338,1643148175.9913,buy,market,2022-01-25 22:02:55.991300096,843.273014148
36674.60000,0.03317619,1643148185.3802,buy,market,2022-01-25 22:03:05.380199936,1216.723497774
36674.50000,0.00046448,1643148188.3702,sell,limit,2022-01-25 22:03:08.370199808,17.034571760000002
36648.80000,0.00079051,1643148195.2713,buy,limit,2022-01-25 22:03:15.271300096,28.971242888000003
36648.80000,0.00010000,1643148197.7048,buy,market,2022-01-25 22:03:17.704800000,3.6648800000000006
36652.20000,0.00253253,1643148206.9411,buy,limit,2022-01-25 22:03:26.941099776,92.82279606599998
36636.80000,0.02000000,1643148220.8285,buy,market,2022-01-25 22:03:40.828499968,732.7360000000001
36656.70000,0.00258150,1643148242.5081,buy,limit,2022-01-25 22:04:02.508100096,94.62927105
36655.80000,0.00044104,1643148242.722,buy,limit,2022-01-25 22:04:02.721999872,16.166674032000003
36663.30000,0.00001448,1643148243.5875,buy,market,2022-01-25 22:04:03.587500032,0.530884584
36663.10000,0.05219778,1643148243.9847,buy,market,2022-01-25 22:04:03.984699904,1913.732427918
36633.10000,0.00266032,1643148289.125,buy,market,2022-01-25 22:04:49.124999936,97.455768592
36620.60000,0.02328220,1643148294.3254,buy,limit,2022-01-25 22:04:54.325400064,852.60813332
36627.70000,0.02000000,1643148295.7393,buy,market,2022-01-25 22:04:55.739300096,732.554
36639.20000,0.01670146,1643148303.9683,buy,market,2022-01-25 22:05:03.968300032,611.928133232
36639.20000,0.00360957,1643148303.9705,buy,market,2022-01-25 22:05:03.970500096,132.25175714399998
36643.80000,0.10000000,1643148305.8449,sell,limit,2022-01-25 22:05:05.844899840,3664.3800000000006
36643.70000,0.19000000,1643148305.8461,sell,limit,2022-01-25 22:05:05.846099968,6962.303
36643.50000,0.19000000,1643148305.8474,sell,limit,2022-01-25 22:05:05.847399936,6962.265
36642.50000,0.08769000,1643148305.8485,sell,limit,2022-01-25 22:05:05.848499968,3213.1808250000004
36639.60000,0.03800000,1643148305.8495,sell,limit,2022-01-25 22:05:05.849499904,1392.3048
36638.30000,0.02600192,1643148305.8506,sell,limit,2022-01-25 22:05:05.850599936,952.6661455360002
36662.40000,0.00172197,1643148319.9491,buy,market,2022-01-25 22:05:19.949100032,63.131552928
36659.40000,0.64105000,1643148321.7006,sell,market,2022-01-25 22:05:21.700599808,23500.50837
36643.30000,0.04584885,1643148345.2745,buy,market,2022-01-25 22:05:45.274499840,1680.053165205
36643.30000,0.00267295,1643148348.4449,buy,limit,2022-01-25 22:05:48.444900096,97.94570873500001
36643.30000,0.03800000,1643148372.6227,buy,market,2022-01-25 22:06:12.622700032,1392.4454
36643.30000,0.01411329,1643148372.624,buy,market,2022-01-25 22:06:12.624000000,517.157519457
36643.20000,0.00167086,1643148379.2287,sell,limit,2022-01-25 22:06:19.228699904,61.22565715199999
36643.20000,0.00400000,1643148379.2297,sell,limit,2022-01-25 22:06:19.229700096,146.5728
36606.80000,0.43785494,1643148379.4322,buy,market,2022-01-25 22:06:19.432199936,16028.468217592002
36641.00000,0.04400000,1643148389.5502,buy,market,2022-01-25 22:06:29.550200064,1612.204
36639.90000,0.04200000,1643148391.2402,buy,market,2022-01-25 22:06:31.240199936,1538.8758000000003
36645.10000,0.01200000,1643148393.7713,buy,market,2022-01-25 22:06:33.771300096,439.7412
36643.10000,0.01400000,1643148396.218,buy,market,2022-01-25 22:06:36.217999872,513.0033999999999
36645.40000,0.00500000,1643148397.8365,buy,market,2022-01-25 22:06:37.836499968,183.227
36653.00000,0.01100000,1643148400.1012,buy,market,2022-01-25 22:06:40.101200128,403.183
36656.10000,0.00193193,1643148406.8968,buy,limit,2022-01-25 22:06:46.896800000,70.817019273
36651.30000,0.13791004,1643148407.3757,sell,limit,2022-01-25 22:06:47.375699968,5054.582249052
36651.10000,0.19000000,1643148407.3766,sell,limit,2022-01-25 22:06:47.376600064,6963.709
36650.80000,0.26189638,1643148407.3777,sell,limit,2022-01-25 22:06:47.377700096,9598.711844104
36647.40000,0.03800000,1643148407.3787,sell,limit,2022-01-25 22:06:47.378700032,1392.6012
36642.60000,0.14688548,1643148407.3797,sell,limit,2022-01-25 22:06:47.379699968,5382.265889448
36642.40000,0.03800000,1643148407.3805,sell,limit,2022-01-25 22:06:47.380499968,1392.4112
36640.90000,0.01364596,1643148407.3816,sell,limit,2022-01-25 22:06:47.381600000,500.00025576400003
36640.40000,0.13791782,1643148407.3826,sell,limit,2022-01-25 22:06:47.382600192,5053.364091928
36639.90000,0.00010000,1643148419.0701,sell,limit,2022-01-25 22:06:59.070099968,3.6639900000000005
36640.00000,0.00032159,1643148421.4761,buy,limit,2022-01-25 22:07:01.476099840,11.783057600000001
36640.00000,0.11534580,1643148423.4612,buy,market,2022-01-25 22:07:03.461199872,4226.270112
36639.90000,0.00843879,1643148423.9753,sell,market,2022-01-25 22:07:03.975300096,309.196421721
36639.90000,0.00011377,1643148430.2139,sell,market,2022-01-25 22:07:10.213900032,4.1685214230000005
36639.90000,0.00063574,1643148430.2384,sell,market,2022-01-25 22:07:10.238400000,23.293450026
36639.90000,0.00013465,1643148430.3144,sell,market,2022-01-25 22:07:10.314400000,4.933562535
36639.90000,0.00041247,1643148433.2288,sell,market,2022-01-25 22:07:13.228800000,15.112859553000002
36640.00000,0.00098585,1643148433.6658,buy,market,2022-01-25 22:07:13.665800192,36.121544
36639.90000,0.00027313,1643148435.4937,sell,market,2022-01-25 22:07:15.493700096,10.007455887
36640.00000,0.20000000,1643148454.7379,buy,market,2022-01-25 22:07:34.737900032,7328.0
36640.00000,0.00601025,1643148466.2452,buy,limit,2022-01-25 22:07:46.245199872,220.21556
36640.00000,0.00267547,1643148470.7915,buy,limit,2022-01-25 22:07:50.791500032,98.0292208
36640.00000,0.00431444,1643148474.6859,buy,limit,2022-01-25 22:07:54.685900032,158.0810816
36640.00000,0.02000000,1643148475.7571,buy,market,2022-01-25 22:07:55.757100032,732.8000000000001
36640.00000,0.00317819,1643148479.2434,buy,market,2022-01-25 22:07:59.243400192,116.4488816
36640.00000,0.01305660,1643148479.3195,buy,market,2022-01-25 22:07:59.319500032,478.393824
36640.00000,0.06306933,1643148481.407,buy,market,2022-01-25 22:08:01.407000064,2310.8602512
36640.00000,0.00148221,1643148481.6174,buy,limit,2022-01-25 22:08:01.617399808,54.308174400000006
36640.00000,0.00346921,1643148483.9344,buy,market,2022-01-25 22:08:03.934400000,127.1118544
36640.00000,0.00496684,1643148486.5444,buy,market,2022-01-25 22:08:06.544399872,181.9850176
36640.00000,0.00027293,1643148493.7313,buy,limit,2022-01-25 22:08:13.731300096,10.0001552
36640.00000,0.02000000,1643148494.8113,buy,market,2022-01-25 22:08:14.811300096,732.8000000000001
36640.00000,0.02000000,1643148506.7008,buy,market,2022-01-25 22:08:26.700800000,732.8000000000001
36640.00000,0.00010000,1643148515.3498,buy,market,2022-01-25 22:08:35.349800192,3.664
36640.00000,0.01006399,1643148526.0659,buy,limit,2022-01-25 22:08:46.065900032,368.74459360000003
36640.00000,0.00889321,1643148527.584,buy,limit,2022-01-25 22:08:47.584000000,325.84721440000004
36640.00000,1.00000000,1643148534.1278,buy,limit,2022-01-25 22:08:54.127800064,36640.0
36640.00000,0.03678485,1643148535.0381,buy,limit,2022-01-25 22:08:55.038099968,1347.796904
36640.00000,0.03678148,1643148536.084,buy,limit,2022-01-25 22:08:56.084000000,1347.6734271999999
36640.00000,0.01283235,1643148540.1783,buy,market,2022-01-25 22:09:00.178299904,470.177304
36640.00000,0.02278995,1643148544.8546,buy,market,2022-01-25 22:09:04.854599936,835.023768
36640.00000,0.00512537,1643148546.0189,buy,market,2022-01-25 22:09:06.018899968,187.7935568
36640.00000,0.02230300,1643148550.2587,buy,market,2022-01-25 22:09:10.258699776,817.18192
36640.00000,0.20670000,1643148560.1989,buy,limit,2022-01-25 22:09:20.198899968,7573.487999999999
36640.00000,0.12730000,1643148560.661,buy,limit,2022-01-25 22:09:20.660999936,4664.272
36640.00000,0.00010024,1643148569.1468,buy,limit,2022-01-25 22:09:29.146800128,3.6727936
36640.00000,0.00010000,1643148573.8057,buy,market,2022-01-25 22:09:33.805700096,3.664
36639.90000,0.00013000,1643148578.1016,sell,limit,2022-01-25 22:09:38.101600000,4.763186999999999
36640.00000,0.00085175,1643148578.7646,buy,market,2022-01-25 22:09:38.764600064,31.208119999999997
36640.00000,0.00038494,1643148591.7062,buy,market,2022-01-25 22:09:51.706199808,14.1042016
36640.00000,0.07000000,1643148603.6163,buy,limit,2022-01-25 22:10:03.616300032,2564.8
36640.00000,0.00749424,1643148605.3412,buy,market,2022-01-25 22:10:05.341200128,274.5889536
36640.00000,0.00795889,1643148616.7202,buy,market,2022-01-25 22:10:16.720199936,291.6137296
36640.00000,0.00104562,1643148619.3224,buy,market,2022-01-25 22:10:19.322400000,38.3115168
36639.90000,0.00012146,1643148623.1013,sell,limit,2022-01-25 22:10:23.101299968,4.450282254
36640.00000,0.00272925,1643148638.8849,buy,limit,2022-01-25 22:10:38.884900096,99.99972
36640.00000,0.00131087,1643148652.0295,buy,market,2022-01-25 22:10:52.029499904,48.0302768
36640.00000,0.00108108,1643148652.982,buy,limit,2022-01-25 22:10:52.982000128,39.6107712
36639.90000,0.00130000,1643148662.8137,sell,market,2022-01-25 22:11:02.813699840,47.63187
36640.00000,0.01665248,1643148665.6959,buy,market,2022-01-25 22:11:05.695899904,610.1468672
36640.00000,1.19403733,1643148667.7026,buy,limit,2022-01-25 22:11:07.702599936,43749.5277712
36640.00000,1.80596267,1643148667.7042,buy,limit,2022-01-25 22:11:07.704199936,66170.4722288
36640.00000,0.01293372,1643148692.6963,buy,limit,2022-01-25 22:11:32.696300032,473.89150079999996
36640.00000,0.00165518,1643148709.5838,buy,market,2022-01-25 22:11:49.583800064,60.6457952
36640.00000,0.64534170,1643148717.5224,buy,limit,2022-01-25 22:11:57.522400000,23645.319888
36640.00000,0.00881171,1643148724.8555,buy,market,2022-01-25 22:12:04.855500032,322.8610544
36639.90000,0.00914930,1643148725.9187,sell,limit,2022-01-25 22:12:05.918700032,335.22943707
36639.90000,0.00131000,1643148733.7371,sell,limit,2022-01-25 22:12:13.737099776,47.998269
36640.00000,0.00279279,1643148747.6987,buy,limit,2022-01-25 22:12:27.698700032,102.3278256
36640.00000,0.00913007,1643148753.4001,buy,market,2022-01-25 22:12:33.400100096,334.52576480000005
36639.90000,0.00298924,1643148755.0023,sell,limit,2022-01-25 22:12:35.002299904,109.52545467600001
36639.90000,0.00023735,1643148755.0044,sell,limit,2022-01-25 22:12:35.004400128,8.696480265
36640.00000,0.03874488,1643148756.9035,buy,limit,2022-01-25 22:12:36.903500032,1419.6124032
36640.00000,0.02908909,1643148758.599,buy,limit,2022-01-25 22:12:38.599000064,1065.8242576
36640.00000,0.00551123,1643148766.2698,buy,limit,2022-01-25 22:12:46.269799936,201.9314672
36640.00000,0.02396188,1643148766.7248,buy,limit,2022-01-25 22:12:46.724800000,877.9632832000001
36640.00000,0.00342358,1643148767.1492,buy,market,2022-01-25 22:12:47.149199872,125.43997119999999
36640.00000,0.00104104,1643148774.0692,buy,limit,2022-01-25 22:12:54.069200128,38.143705600000004
36640.00000,0.00237300,1643148780.4041,buy,market,2022-01-25 22:13:00.404099840,86.94672
36640.00000,0.02283915,1643148787.4385,buy,market,2022-01-25 22:13:07.438499840,836.826456
36640.00000,0.00401321,1643148801.4083,buy,limit,2022-01-25 22:13:21.408300032,147.04401439999998
36639.90000,0.00286861,1643148810.0973,sell,limit,2022-01-25 22:13:30.097299968,105.10558353900001
36640.00000,0.04160836,1643148830.0492,buy,market,2022-01-25 22:13:50.049200128,1524.5303104
36640.00000,0.00010000,1643148832.8146,buy,market,2022-01-25 22:13:52.814599936,3.664
36640.00000,0.00219584,1643148847.7187,buy,market,2022-01-25 22:14:07.718700032,80.4555776
36640.00000,0.01271611,1643148849.6424,buy,market,2022-01-25 22:14:09.642400000,465.9182704
36640.00000,0.03784151,1643148855.538,buy,limit,2022-01-25 22:14:15.538000128,1386.5129264
36639.90000,0.00021009,1643148875.9584,sell,limit,2022-01-25 22:14:35.958400000,7.697676591
36639.90000,0.16927853,1643148875.9594,sell,limit,2022-01-25 22:14:35.959399936,6202.348411347
36639.90000,0.10000000,1643148875.9604,sell,limit,2022-01-25 22:14:35.960400128,3663.9900000000002
36639.90000,0.20000000,1643148875.9613,sell,limit,2022-01-25 22:14:35.961299968,7327.9800000000005
36639.90000,0.19000000,1643148875.963,sell,limit,2022-01-25 22:14:35.963000064,6961.581
36639.90000,0.01344601,1643148875.9642,sell,limit,2022-01-25 22:14:35.964199936,492.660461799
36639.60000,0.32706537,1643148875.9652,sell,limit,2022-01-25 22:14:35.965199872,11983.544330652001
36639.70000,0.00032159,1643148877.2745,sell,limit,2022-01-25 22:14:37.274499840,11.782961123
36636.90000,0.00226000,1643148883.5106,sell,market,2022-01-25 22:14:43.510600192,82.79939399999999
36639.60000,0.00075000,1643148888.5043,buy,market,2022-01-25 22:14:48.504300032,27.4797
36638.10000,0.00311453,1643148898.1186,buy,limit,2022-01-25 22:14:58.118599936,114.110461593
36639.80000,1.10000000,1643148898.1203,buy,limit,2022-01-25 22:14:58.120300032,40303.780000000006
36640.00000,1.28791328,1643148898.1218,buy,limit,2022-01-25 22:14:58.121799936,47189.1425792
36640.00000,0.02103641,1643148898.1237,buy,limit,2022-01-25 22:14:58.123699968,770.7740623999999
36640.00000,0.30793578,1643148898.1252,buy,limit,2022-01-25 22:14:58.125200128,11282.7669792
36639.90000,0.00977157,1643148919.0626,sell,market,2022-01-25 22:15:19.062599936,358.02934764300005
36640.00000,0.00050166,1643148920.0441,buy,market,2022-01-25 22:15:20.044100096,18.3808224
36619.90000,0.00828822,1643148941.4155,buy,market,2022-01-25 22:15:41.415500032,303.51378757800006
36619.90000,0.00171178,1643148941.417,buy,market,2022-01-25 22:15:41.416999936,62.685212422
36619.90000,0.02000000,1643148943.4136,buy,market,2022-01-25 22:15:43.413600000,732.398
36616.20000,0.00510000,1643148952.7863,sell,limit,2022-01-25 22:15:52.786299904,186.74262
36618.60000,0.00010000,1643148963.1727,sell,limit,2022-01-25 22:16:03.172699904,3.66186
36616.40000,0.03353172,1643148965.1159,buy,market,2022-01-25 22:16:05.115900160,1227.810872208
36611.70000,0.01092341,1643148973.2197,buy,limit,2022-01-25 22:16:13.219700224,399.924609897
36609.60000,0.00124124,1643148986.1894,buy,limit,2022-01-25 22:16:26.189400064,45.441299904
36609.50000,0.00012065,1643148986.9147,sell,limit,2022-01-25 22:16:26.914700032,4.416936175
36609.60000,0.02000000,1643148987.662,buy,market,2022-01-25 22:16:27.661999872,732.192
36605.00000,0.01400000,1643148990.5526,buy,market,2022-01-25 22:16:30.552599808,512.47
36605.00000,0.01363362,1643148991.9503,buy,market,2022-01-25 22:16:31.950299904,499.05866010000005
36605.00000,0.03236638,1643148991.9519,buy,market,2022-01-25 22:16:31.951899904,1184.7713399
36605.00000,0.02100000,1643148993.9144,buy,market,2022-01-25 22:16:33.914400000,768.705
36608.70000,0.02700000,1643148995.7258,buy,market,2022-01-25 22:16:35.725799936,988.4348999999999
36609.60000,0.01100000,1643148996.8319,buy,market,2022-01-25 22:16:36.831899904,402.70559999999995
36611.50000,0.01500000,1643148998.7965,buy,market,2022-01-25 22:16:38.796499968,549.1725
36611.50000,0.02000000,1643148999.1703,buy,market,2022-01-25 22:16:39.170299904,732.23
36610.90000,0.00128818,1643148999.7699,buy,limit,2022-01-25 22:16:39.769900032,47.161429162000005
36607.00000,0.00200000,1643149011.0077,buy,limit,2022-01-25 22:16:51.007699968,73.214
36607.00000,0.00061642,1643149019.2679,buy,market,2022-01-25 22:16:59.267899904,22.56528694
36606.90000,0.00681583,1643149037.4683,sell,limit,2022-01-25 22:17:17.468300032,249.506407227
36600.10000,0.07083848,1643149037.4699,sell,limit,2022-01-25 22:17:17.469899776,2592.6954518479997
36597.80000,0.01991207,1643149038.9269,sell,market,2022-01-25 22:17:18.926899968,728.7379554460001
36597.40000,0.13200336,1643149039.5895,sell,limit,2022-01-25 22:17:19.589499904,4830.979767264
36589.50000,0.00010000,1643149044.5091,buy,limit,2022-01-25 22:17:24.509100032,3.6589500000000004
36572.50000,0.03874488,1643149071.6877,sell,market,2022-01-25 22:17:51.687699968,1416.9971238
36572.50000,0.18180335,1643149071.6928,sell,market,2022-01-25 22:17:51.692800000,6649.003017875
36566.20000,0.00082042,1643149071.6945,sell,market,2022-01-25 22:17:51.694500096,29.999641803999996
36560.90000,0.09031384,1643149071.6957,sell,market,2022-01-25 22:17:51.695699968,3301.955272856
36560.40000,0.04020000,1643149085.8878,buy,market,2022-01-25 22:18:05.887800064,1469.72808
36560.40000,0.00287568,1643149091.0419,buy,limit,2022-01-25 22:18:11.041900032,105.136011072
36560.40000,0.00132132,1643149101.3523,buy,limit,2022-01-25 22:18:21.352300032,48.307987728
36560.40000,0.02000000,1643149117.8203,buy,market,2022-01-25 22:18:37.820300032,731.2080000000001
36560.40000,0.00106106,1643149119.9126,buy,limit,2022-01-25 22:18:39.912600064,38.792778024
36560.40000,0.00030242,1643149120.8632,buy,market,2022-01-25 22:18:40.863200000,11.056596168
36560.40000,0.03740762,1643149120.865,buy,market,2022-01-25 22:18:40.864999936,1367.6375502480003
36560.40000,0.30000000,1643149127.0165,buy,market,2022-01-25 22:18:47.016499968,10968.12
36560.40000,0.00041994,1643149130.8347,buy,market,2022-01-25 22:18:50.834700032,15.353174376
36560.40000,0.05842641,1643149141.9204,buy,market,2022-01-25 22:19:01.920399872,2136.092920164
36560.40000,0.00159007,1643149144.2499,buy,market,2022-01-25 22:19:04.249900032,58.133595228000004
36560.40000,0.00295295,1643149148.2198,buy,limit,2022-01-25 22:19:08.219800064,107.96103318000002
36560.40000,0.00010000,1643149150.2931,buy,market,2022-01-25 22:19:10.293100032,3.6560400000000004
36560.30000,0.00136535,1643149157.6797,sell,limit,2022-01-25 22:19:17.679699968,49.917605605000006
36560.30000,0.00314354,1643149157.6814,sell,limit,2022-01-25 22:19:17.681400064,114.928765462
36560.30000,0.00333268,1643149157.6826,sell,limit,2022-01-25 22:19:17.682599936,121.84378060400002
36518.60000,0.00860000,1643149169.1764,sell,limit,2022-01-25 22:19:29.176399872,314.05996
36518.60000,0.14030453,1643149169.2603,sell,market,2022-01-25 22:19:29.260300032,5123.725009258
36518.60000,0.05969547,1643149169.2622,sell,market,2022-01-25 22:19:29.262200064,2179.994990742
36534.60000,0.00075095,1643149169.3294,sell,limit,2022-01-25 22:19:29.329400064,27.43565787
36534.60000,0.00527296,1643149169.4022,sell,limit,2022-01-25 22:19:29.402200064,192.645484416
36526.20000,0.01728990,1643149169.4038,sell,limit,2022-01-25 22:19:29.403800064,631.53434538
36534.60000,0.06727625,1643149169.9426,sell,limit,2022-01-25 22:19:29.942599936,2457.9108832499996
36526.10000,0.05262375,1643149169.9442,sell,limit,2022-01-25 22:19:29.944199936,1922.1403548749997
36526.10000,0.02379135,1643149170.2255,sell,limit,2022-01-25 22:19:30.225500160,869.0052292349999
36518.60000,0.07336037,1643149170.2267,sell,limit,2022-01-25 22:19:30.226700032,2679.018007882
36509.80000,0.00075095,1643149170.2276,sell,limit,2022-01-25 22:19:30.227600128,27.417034310000002
36507.50000,0.21455000,1643149170.2289,sell,limit,2022-01-25 22:19:30.228899840,7832.684125
36505.10000,0.48610549,1643149170.2299,sell,limit,2022-01-25 22:19:30.229899776,17745.329522999
36520.50000,0.05475098,1643149170.5247,sell,limit,2022-01-25 22:19:30.524699904,1999.53316509
36520.50000,0.00274963,1643149171.028,sell,limit,2022-01-25 22:19:31.028000000,100.417862415
36495.40000,0.02000000,1643149183.1858,buy,market,2022-01-25 22:19:43.185800192,729.908
36495.40000,0.00223143,1643149184.4351,buy,market,2022-01-25 22:19:44.435100160,81.436930422
36491.70000,0.01155286,1643149191.7348,buy,market,2022-01-25 22:19:51.734800128,421.58350126199997
36495.50000,0.00049524,1643149202.7797,buy,limit,2022-01-25 22:20:02.779699968,18.07403142
36518.30000,0.00219051,1643149202.7813,buy,limit,2022-01-25 22:20:02.781299968,79.993701333
36520.30000,0.12204657,1643149204.5134,sell,market,2022-01-25 22:20:04.513400064,4457.177350371
36520.60000,0.02101707,1643149208.8087,buy,market,2022-01-25 22:20:08.808700160,767.5560066419999
36520.60000,0.03000000,1643149216.9724,buy,limit,2022-01-25 22:20:16.972399872,1095.618
36520.60000,0.06898293,1643149217.0991,buy,limit,2022-01-25 22:20:17.099100160,2519.297993358
36531.70000,0.03800000,1643149217.1002,buy,limit,2022-01-25 22:20:17.100199936,1388.2045999999998
36532.00000,0.10459930,1643149217.1017,buy,limit,2022-01-25 22:20:17.101700096,3821.2216276000004
36539.10000,0.03800000,1643149217.1032,buy,limit,2022-01-25 22:20:17.103200000,1388.4858
36540.50000,0.72041777,1643149217.1044,buy,limit,2022-01-25 22:20:17.104399872,26324.425524684997
36530.80000,0.03000000,1643149217.323,buy,limit,2022-01-25 22:20:17.323000064,1095.924
36544.40000,0.01283296,1643149221.9016,sell,limit,2022-01-25 22:20:21.901600000,468.972823424
36536.70000,0.00021280,1643149232.1643,buy,market,2022-01-25 22:20:32.164300032,7.775009759999999
36536.40000,0.02081048,1643149234.25,sell,limit,2022-01-25 22:20:34.249999872,760.340021472
36536.50000,0.00380650,1643149250.2555,buy,market,2022-01-25 22:20:50.255500032,139.07618725
36538.50000,0.00072610,1643149250.2569,buy,market,2022-01-25 22:20:50.256900096,26.53060485
36538.50000,0.00038064,1643149251.247,buy,limit,2022-01-25 22:20:51.247000064,13.908014640000001
36545.80000,0.00020172,1643149251.2487,buy,limit,2022-01-25 22:20:51.248699904,7.372018776000001
36546.10000,0.00060994,1643149251.2504,buy,limit,2022-01-25 22:20:51.250400000,22.290928234
36555.30000,0.00217486,1643149251.252,buy,limit,2022-01-25 22:20:51.252000000,79.502659758
36556.90000,0.04450000,1643149264.174,buy,market,2022-01-25 22:21:04.174000128,1626.78205
36556.90000,0.00500000,1643149264.1756,buy,market,2022-01-25 22:21:04.175600128,182.7845
36558.40000,0.10000000,1643149264.1768,buy,market,2022-01-25 22:21:04.176800000,3655.84
36558.90000,0.14325476,1643149264.1778,buy,market,2022-01-25 22:21:04.177799936,5237.236445364
36559.00000,0.23291929,1643149264.1794,buy,market,2022-01-25 22:21:04.179399936,8515.29632311
36559.00000,0.00134070,1643149296.4428,buy,limit,2022-01-25 22:21:36.442800128,49.0146513
36558.90000,0.01637000,1643149297.1926,sell,limit,2022-01-25 22:21:37.192600064,598.469193
36558.90000,0.00012112,1643149326.8867,sell,limit,2022-01-25 22:22:06.886700032,4.428013968
36558.90000,0.00049320,1643149326.8883,sell,limit,2022-01-25 22:22:06.888300032,18.03084948
36558.80000,0.00964900,1643149326.89,sell,limit,2022-01-25 22:22:06.890000128,352.7558612
36536.40000,0.00544836,1643149330.3807,sell,limit,2022-01-25 22:22:10.380700160,199.06346030400002
36536.50000,0.00500000,1643149331.2002,buy,limit,2022-01-25 22:22:11.200200192,182.6825
36536.40000,0.39455164,1643149331.2828,sell,limit,2022-01-25 22:22:11.282799872,14415.496539696
36502.50000,0.01951994,1643149331.3543,sell,limit,2022-01-25 22:22:11.354299904,712.52660985
36502.70000,0.00096540,1643149331.4127,sell,limit,2022-01-25 22:22:11.412699904,35.23970658
36491.60000,0.00018057,1643149332.927,buy,limit,2022-01-25 22:22:12.927000064,6.589288212
36489.20000,0.09000000,1643149333.7865,buy,limit,2022-01-25 22:22:13.786500096,3284.028
36480.60000,0.02000000,1643149343.7214,buy,market,2022-01-25 22:22:23.721400064,729.612
36480.60000,0.00500000,1643149344.6756,buy,market,2022-01-25 22:22:24.675600128,182.403
36480.60000,0.01400000,1643149345.7995,buy,market,2022-01-25 22:22:25.799500032,510.72839999999997
36480.80000,0.02300000,1643149347.1678,buy,market,2022-01-25 22:22:27.167800064,839.0584
36494.50000,0.00023294,1643149350.884,buy,market,2022-01-25 22:22:30.884000000,8.501028830000001
36494.50000,0.01100000,1643149351.4553,buy,market,2022-01-25 22:22:31.455300096,401.43949999999995
36494.70000,0.01100000,1643149354.6776,buy,market,2022-01-25 22:22:34.677600000,401.44169999999997
36498.10000,0.00200000,1643149356.0883,buy,market,2022-01-25 22:22:36.088300032,72.9962
36497.40000,0.00100000,1643149361.6505,sell,limit,2022-01-25 22:22:41.650500096,36.4974
36493.40000,0.00499525,1643149361.6519,sell,limit,2022-01-25 22:22:41.651900160,182.29365635
36493.40000,0.00547163,1643149361.6569,sell,limit,2022-01-25 22:22:41.656899840,199.678382242
36494.30000,0.03800000,1643149361.8451,buy,limit,2022-01-25 22:22:41.845100032,1386.7834
36496.80000,0.05832800,1643149361.8465,buy,limit,2022-01-25 22:22:41.846499840,2128.7853504
36495.40000,0.00020459,1643149383.819,buy,market,2022-01-25 22:23:03.819000064,7.466593886
36492.20000,0.07549500,1643149384.9277,sell,limit,2022-01-25 22:23:04.927699968,2754.978639
36490.00000,0.05758990,1643149384.9288,sell,limit,2022-01-25 22:23:04.928800000,2101.455451
36489.90000,0.19000000,1643149384.9297,sell,limit,2022-01-25 22:23:04.929699840,6933.081
36489.80000,0.02000000,1643149401.311,buy,market,2022-01-25 22:23:21.311000064,729.796
36489.70000,0.00151384,1643149412.1172,sell,market,2022-01-25 22:23:32.117199872,55.239567447999995
36489.80000,0.00396869,1643149416.8501,buy,limit,2022-01-25 22:23:36.850099968,144.81670436200002
36489.80000,0.00015709,1643149418.7304,buy,limit,2022-01-25 22:23:38.730400000,5.732182682
36489.70000,0.02000000,1643149420.1984,sell,market,2022-01-25 22:23:40.198400000,729.794
36489.80000,0.00247288,1643149427.8502,buy,limit,2022-01-25 22:23:47.850200064,90.23489662400002
36489.80000,0.00167346,1643149427.852,buy,limit,2022-01-25 22:23:47.852000000,61.06422070800001
36489.80000,0.00348109,1643149428.4796,buy,limit,2022-01-25 22:23:48.479599872,127.024277882
36489.80000,0.00829994,1643149429.0969,buy,limit,2022-01-25 22:23:49.096900096,302.863150612
36493.50000,0.00619650,1643149429.0989,buy,limit,2022-01-25 22:23:49.098899968,226.13197275
36494.60000,0.00199493,1643149429.1007,buy,limit,2022-01-25 22:23:49.100699904,72.80417237799999
36495.40000,0.00284835,1643149429.1028,buy,limit,2022-01-25 22:23:49.102799872,103.95167259
36511.90000,0.01761082,1643149429.104,buy,limit,2022-01-25 22:23:49.104000000,643.004498758
36552.20000,0.01342644,1643149442.2255,buy,market,2022-01-25 22:24:02.225500160,490.7659201679999
36554.30000,0.00156817,1643149444.0624,buy,market,2022-01-25 22:24:04.062400000,57.323356631
36558.50000,0.00802587,1643149444.0636,buy,market,2022-01-25 22:24:04.063600128,293.413768395
36540.50000,0.00004370,1643149452.0158,buy,market,2022-01-25 22:24:12.015800064,1.59681985
36540.50000,0.06995630,1643149452.0172,buy,market,2022-01-25 22:24:12.017199872,2556.23818015
36539.50000,0.00502000,1643149466.5675,buy,market,2022-01-25 22:24:26.567500032,183.42829
36539.50000,0.00010000,1643149466.9938,buy,market,2022-01-25 22:24:26.993799936,3.65395
36534.20000,0.00268283,1643149476.2681,buy,limit,2022-01-25 22:24:36.268100096,98.015047786
36540.20000,0.00285327,1643149481.2221,buy,limit,2022-01-25 22:24:41.222099968,104.259056454
36540.40000,0.03496200,1643149481.2239,buy,limit,2022-01-25 22:24:41.223900160,1277.5254648
36540.40000,0.00448101,1643149481.2253,buy,limit,2022-01-25 22:24:41.225299968,163.737897804
36540.40000,0.00332941,1643149484.9476,buy,limit,2022-01-25 22:24:44.947599872,121.65797316400001
36540.60000,0.07332045,1643149484.9493,buy,limit,2022-01-25 22:24:44.949299968,2679.1732352699996
36544.10000,0.01000000,1643149486.4975,sell,market,2022-01-25 22:24:46.497499904,365.441
36549.80000,0.02388816,1643149504.36,buy,market,2022-01-25 22:25:04.360000000,873.107470368
36549.70000,4.10349272,1643149518.7071,sell,limit,2022-01-25 22:25:18.707099904,149981.427868184
36549.70000,0.08668728,1643149518.71,sell,limit,2022-01-25 22:25:18.710000128,3168.394077816
36545.50000,0.00225866,1643149542.1667,buy,market,2022-01-25 22:25:42.166699776,82.54385903000001
36545.40000,0.00110035,1643149552.3834,sell,market,2022-01-25 22:25:52.383399936,40.212730889999996
36545.40000,0.00198739,1643149552.3844,sell,market,2022-01-25 22:25:52.384399872,72.629962506
36518.40000,0.00191226,1643149552.3857,sell,market,2022-01-25 22:25:52.385700096,69.832675584
36526.80000,0.00927327,1643149558.9325,buy,limit,2022-01-25 22:25:58.932499968,338.722878636
36531.30000,0.00071750,1643149561.8036,sell,limit,2022-01-25 22:26:01.803600128,26.211207750000003
36532.10000,0.00151385,1643149570.5264,sell,market,2022-01-25 22:26:10.526400000,55.304119584999995
36535.60000,0.00435200,1643149573.2632,buy,limit,2022-01-25 22:26:13.263200000,159.0029312
36535.90000,0.00862180,1643149573.2651,buy,limit,2022-01-25 22:26:13.265100032,315.00522262000004
36532.50000,0.00500000,1643149592.9414,sell,market,2022-01-25 22:26:32.941400064,182.6625
36532.60000,0.00015926,1643149600.6954,buy,limit,2022-01-25 22:26:40.695399936,5.818181876
36545.50000,0.00500000,1643149600.697,buy,limit,2022-01-25 22:26:40.696999936,182.7275
36547.80000,0.08443520,1643149600.6979,buy,limit,2022-01-25 22:26:40.697900032,3085.9208025600005
36549.80000,0.01800000,1643149648.9979,buy,limit,2022-01-25 22:27:28.997900032,657.8964
36559.00000,0.03642748,1643149648.9998,buy,limit,2022-01-25 22:27:28.999800064,1331.75224132
36559.00000,0.03687273,1643149653.4851,buy,limit,2022-01-25 22:27:33.485100032,1348.03013607
36559.00000,0.05000000,1643149653.8435,buy,limit,2022-01-25 22:27:33.843499776,1827.95
36559.00000,0.01703150,1643149653.8762,buy,limit,2022-01-25 22:27:33.876199936,622.6546085000001
36559.00000,1.83554673,1643149653.9132,buy,limit,2022-01-25 22:27:33.913199872,67105.75290207
36570.80000,0.12298925,1643149653.9943,buy,limit,2022-01-25 22:27:33.994299904,4497.8152639
36581.30000,0.00203391,1643149653.9959,buy,limit,2022-01-25 22:27:33.995899904,74.403071883
36586.60000,0.00178520,1643149653.9971,buy,limit,2022-01-25 22:27:33.997100032,65.31439832
36594.90000,0.16585004,1643149653.9985,buy,limit,2022-01-25 22:27:33.998500096,6069.265628796001
36596.60000,0.14516804,1643149654.2749,buy,limit,2022-01-25 22:27:34.274899968,5312.656692664
36596.70000,0.00236274,1643149654.2766,buy,limit,2022-01-25 22:27:34.276599808,86.46848695799999
36598.70000,0.08282419,1643149654.2778,buy,limit,2022-01-25 22:27:34.277800192,3031.257682553
36611.20000,0.10000000,1643149658.3154,sell,limit,2022-01-25 22:27:38.315399936,3661.12
36611.30000,0.00183770,1643149671.8676,buy,market,2022-01-25 22:27:51.867599872,67.28058601000001
36614.10000,0.01299456,1643149671.8687,buy,market,2022-01-25 22:27:51.868699904,475.784119296
36637.00000,0.00054595,1643149687.3045,buy,market,2022-01-25 22:28:07.304500224,20.001970150000002
36637.80000,0.10000000,1643149690.0493,sell,limit,2022-01-25 22:28:10.049299968,3663.7800000000007
36637.70000,0.25048305,1643149690.0504,sell,limit,2022-01-25 22:28:10.050400000,9177.122840985
36640.00000,0.08000000,1643149690.0885,buy,limit,2022-01-25 22:28:10.088499968,2931.2000000000003
36640.00000,0.86000000,1643149690.3009,buy,limit,2022-01-25 22:28:10.300900096,31510.399999999998
36640.00000,0.14146834,1643149700.8796,buy,market,2022-01-25 22:28:20.879600128,5183.3999776
36639.90000,0.00283399,1643149705.2511,sell,limit,2022-01-25 22:28:25.251100160,103.83711020100002
36631.10000,0.00065375,1643149705.2526,sell,limit,2022-01-25 22:28:25.252600064,23.947581625
36631.20000,0.02587890,1643149709.0041,buy,limit,2022-01-25 22:28:29.004100096,947.9751616799999
36631.20000,0.05000000,1643149712.9654,buy,market,2022-01-25 22:28:32.965400064,1831.56
36631.20000,0.05000000,1643149712.968,buy,market,2022-01-25 22:28:32.968000000,1831.56
36631.20000,0.04093886,1643149717.8356,buy,limit,2022-01-25 22:28:37.835599872,1499.6395684319998
36631.10000,0.00217501,1643149720.2525,sell,limit,2022-01-25 22:28:40.252499968,79.67300881099999
36631.10000,0.00055510,1643149720.254,sell,limit,2022-01-25 22:28:40.253999872,20.33392361
36631.10000,0.00272993,1643149738.2611,sell,limit,2022-01-25 22:28:58.261100032,100.000338823
36631.20000,0.16900524,1643149741.3614,buy,market,2022-01-25 22:29:01.361399808,6190.864747488
36631.20000,0.08438187,1643149741.3624,buy,market,2022-01-25 22:29:01.362400000,3091.0091563439996
36631.20000,1.74661289,1643149741.3634,buy,market,2022-01-25 22:29:01.363399936,63980.526096167996
36631.20000,0.02650045,1643149744.4535,buy,market,2022-01-25 22:29:04.453500160,970.7432840399998
36631.20000,0.00405596,1643149746.6922,buy,market,2022-01-25 22:29:06.692199936,148.574681952
36631.20000,0.10243243,1643149747.3841,buy,limit,2022-01-25 22:29:07.384099840,3752.222829816
36631.10000,0.00071497,1643149755.9196,sell,market,2022-01-25 22:29:15.919600128,26.190137566999997
36631.10000,0.00015820,1643149755.9222,sell,market,2022-01-25 22:29:15.922200064,5.79504002
36631.10000,0.09912683,1643149755.9232,sell,market,2022-01-25 22:29:15.923200000,3631.124822413
36628.10000,0.09504505,1643149771.7982,buy,limit,2022-01-25 22:29:31.798199808,3481.319595905
36624.50000,0.00010000,1643149783.3652,buy,market,2022-01-25 22:29:43.365200128,3.66245
36609.70000,0.00053750,1643149795.8378,sell,limit,2022-01-25 22:29:55.837799936,19.67771375
36615.20000,0.04357608,1643149820.2063,buy,market,2022-01-25 22:30:20.206299904,1595.546884416
36615.20000,0.00127627,1643149823.1087,buy,market,2022-01-25 22:30:23.108700160,46.73088130399999
36615.10000,0.00005000,1643149834.1345,sell,limit,2022-01-25 22:30:34.134500096,1.830755
36615.20000,0.00026992,1643149849.8705,buy,market,2022-01-25 22:30:49.870500096,9.883174784
36615.20000,0.00133861,1643149861.3284,buy,limit,2022-01-25 22:31:01.328399872,49.013472872
36615.20000,0.00029885,1643149866.297,buy,market,2022-01-25 22:31:06.296999936,10.94245252
36615.20000,0.00296700,1643149869.1525,buy,market,2022-01-25 22:31:09.152499968,108.63729839999999
36615.20000,0.00109870,1643149870.1158,buy,market,2022-01-25 22:31:10.115799808,40.22912023999999
36615.10000,0.00408843,1643149872.7408,sell,limit,2022-01-25 22:31:12.740800000,149.69827329299997
36614.50000,0.13382420,1643149875.2541,buy,limit,2022-01-25 22:31:15.254099968,4899.9061709
36614.50000,0.00222404,1643149878.2894,buy,market,2022-01-25 22:31:18.289400064,81.43211258
36614.50000,0.17395176,1643149894.1424,buy,market,2022-01-25 22:31:34.142400000,6369.15671652
36614.50000,0.54160002,1643149894.1435,buy,market,2022-01-25 22:31:34.143500032,19830.413932289997
36614.50000,0.00100000,1643149901.6499,buy,limit,2022-01-25 22:31:41.649900032,36.6145
36614.50000,0.01365579,1643149904.3178,buy,limit,2022-01-25 22:31:44.317799936,499.999922955
36614.50000,0.00110110,1643149906.4025,buy,limit,2022-01-25 22:31:46.402499840,40.31622595
36614.50000,0.00769086,1643149907.3387,buy,market,2022-01-25 22:31:47.338700032,281.59699347
36614.40000,0.00364371,1643149920.165,sell,market,2022-01-25 22:32:00.164999936,133.41225542400002
36610.00000,0.72641629,1643149920.167,sell,market,2022-01-25 22:32:00.167000064,26594.100376899998
36610.00000,0.05000000,1643149922.3554,sell,limit,2022-01-25 22:32:02.355400192,1830.5
36610.00000,0.01703150,1643149922.3703,sell,limit,2022-01-25 22:32:02.370300160,623.523215
36610.10000,0.11954704,1643149922.3847,buy,market,2022-01-25 22:32:02.384700160,4376.629089104
36610.10000,0.15000000,1643149937.9592,buy,market,2022-01-25 22:32:17.959200000,5491.514999999999
36610.00000,0.07930000,1643149943.4425,sell,limit,2022-01-25 22:32:23.442500096,2903.173
36610.10000,0.00500000,1643149948.7228,buy,market,2022-01-25 22:32:28.722800128,183.0505
36610.10000,0.03900000,1643149950.4592,buy,market,2022-01-25 22:32:30.459200000,1427.7939
36610.10000,0.00053553,1643149951.1881,buy,limit,2022-01-25 22:32:31.188100096,19.605806852999997
36610.10000,0.03100000,1643149953.1224,buy,market,2022-01-25 22:32:33.122400000,1134.9131
36610.10000,0.00100000,1643149954.4653,buy,market,2022-01-25 22:32:34.465299968,36.6101
36610.10000,0.01200000,1643149956.3813,buy,market,2022-01-25 22:32:36.381299968,439.3212
36610.10000,0.00500000,1643149957.4671,buy,market,2022-01-25 22:32:37.467099904,183.0505
36610.10000,0.00298565,1643149960.3629,buy,market,2022-01-25 22:32:40.362899968,109.30494506499998
36610.10000,0.00200000,1643149961.1929,buy,market,2022-01-25 22:32:41.192899840,73.2202
36610.00000,0.01460000,1643149967.0882,sell,limit,2022-01-25 22:32:47.088200192,534.506
36610.00000,0.68370674,1643149967.2328,sell,limit,2022-01-25 22:32:47.232800000,25030.5037514
36610.00000,0.42894547,1643149969.7504,sell,limit,2022-01-25 22:32:49.750400000,15703.6936567
36591.10000,0.00118441,1643149977.9683,sell,limit,2022-01-25 22:32:57.968300032,43.338864751
36591.10000,0.00004000,1643149978.2155,sell,limit,2022-01-25 22:32:58.215500032,1.4636440000000002
36591.20000,0.00224185,1643149979.6131,buy,market,2022-01-25 22:32:59.613100032,82.03198171999999
36591.20000,1.36600000,1643149981.2469,buy,market,2022-01-25 22:33:01.246899968,49983.5792
36591.10000,0.06596304,1643149983.879,sell,market,2022-01-25 22:33:03.879000064,2413.660192944
36591.10000,0.00001255,1643149983.8806,sell,market,2022-01-25 22:33:03.880600064,0.459218305
36574.60000,0.00359300,1643149983.8816,sell,market,2022-01-25 22:33:03.881600000,131.4125378
36574.20000,0.57279317,1643149983.8825,sell,market,2022-01-25 22:33:03.882499840,20949.451958214
36574.20000,0.06365824,1643149983.8837,sell,market,2022-01-25 22:33:03.883699968,2328.249201408
36578.60000,0.07687572,1643149985.387,buy,market,2022-01-25 22:33:05.387000064,2812.0062115919995
36574.30000,0.00682554,1643149992.9853,buy,market,2022-01-25 22:33:12.985299968,249.639347622
36574.30000,0.00108611,1643149999.1149,buy,market,2022-01-25 22:33:19.114900224,39.723712973
36579.40000,0.00104104,1643150033.2298,buy,limit,2022-01-25 22:33:53.229799936,38.080618576
36579.40000,0.00011466,1643150037.6927,buy,market,2022-01-25 22:33:57.692699904,4.194194004
36587.20000,0.00910746,1643150037.694,buy,market,2022-01-25 22:33:57.694000128,333.21646051199997
36587.20000,0.00081061,1643150047.3748,buy,limit,2022-01-25 22:34:07.374799872,29.657950191999998
36587.20000,0.00443828,1643150057.2569,buy,limit,2022-01-25 22:34:17.256900096,162.38423801599998
36587.20000,0.01556172,1643150057.2579,buy,limit,2022-01-25 22:34:17.257900032,569.359761984
36587.10000,0.00260000,1643150057.4256,sell,market,2022-01-25 22:34:17.425600000,95.12646
36587.20000,0.37000000,1643150057.7946,buy,limit,2022-01-25 22:34:17.794599936,13537.264
36587.20000,0.00660023,1643150060.5581,buy,limit,2022-01-25 22:34:20.558099968,241.483935056
36609.90000,0.00005000,1643150070.4296,sell,limit,2022-01-25 22:34:30.429600000,1.8304950000000002
36610.00000,0.99000000,1643150071.7348,buy,limit,2022-01-25 22:34:31.734800128,36243.9
36610.00000,0.02000000,1643150072.6966,buy,limit,2022-01-25 22:34:32.696600064,732.2
36610.00000,0.10000000,1643150075.462,buy,limit,2022-01-25 22:34:35.461999872,3661.0
36610.00000,0.02000000,1643150075.6004,buy,limit,2022-01-25 22:34:35.600399872,732.2
36610.00000,0.10000000,1643150080.212,buy,limit,2022-01-25 22:34:40.212000000,3661.0
36610.00000,0.02851000,1643150080.2151,buy,limit,2022-01-25 22:34:40.215100160,1043.7511
36610.00000,0.05702045,1643150080.2221,buy,limit,2022-01-25 22:34:40.222099968,2087.5186745
36610.00000,0.01703150,1643150080.2319,buy,limit,2022-01-25 22:34:40.231899904,623.523215
36610.00000,0.20000000,1643150080.5199,buy,limit,2022-01-25 22:34:40.519900160,7322.0
36610.00000,0.02000000,1643150080.5595,buy,limit,2022-01-25 22:34:40.559500032,732.2
36609.90000,0.06792562,1643150082.4844,sell,limit,2022-01-25 22:34:42.484400128,2486.7501556380003
36610.00000,0.01874697,1643150082.6126,buy,limit,2022-01-25 22:34:42.612600064,686.3265717
36610.00000,0.01807676,1643150082.9132,buy,limit,2022-01-25 22:34:42.913199872,661.7901836
36610.00000,0.00406406,1643150083.3943,buy,limit,2022-01-25 22:34:43.394299904,148.78523660000002
36610.00000,0.00010085,1643150088.5093,buy,limit,2022-01-25 22:34:48.509299968,3.6921185
36610.00000,0.06107192,1643150090.2792,buy,limit,2022-01-25 22:34:50.279200000,2235.8429912
36610.00000,0.02197435,1643150092.458,buy,limit,2022-01-25 22:34:52.457999872,804.4809535
36610.00000,0.00038627,1643150092.4599,buy,limit,2022-01-25 22:34:52.459899904,14.141344700000001
36610.10000,0.00600591,1643150092.4612,buy,limit,2022-01-25 22:34:52.461199872,219.87696569099998
36614.50000,0.02850319,1643150092.8349,buy,limit,2022-01-25 22:34:52.834899968,1043.630050255
36614.50000,0.02949681,1643150093.3818,buy,limit,2022-01-25 22:34:53.381799936,1080.0109497449998
36615.20000,0.09000000,1643150093.4833,buy,limit,2022-01-25 22:34:53.483300096,3295.3679999999995
36625.20000,0.00267767,1643150093.9861,buy,limit,2022-01-25 22:34:53.986099968,98.070199284
36625.20000,0.00112816,1643150097.2018,buy,limit,2022-01-25 22:34:57.201800192,41.319085632
36633.40000,0.00241145,1643150097.3722,buy,limit,2022-01-25 22:34:57.372199936,88.33961243
36640.00000,0.15758855,1643150097.3734,buy,limit,2022-01-25 22:34:57.373400064,5774.044472
36640.00000,0.16000000,1643150097.5659,buy,limit,2022-01-25 22:34:57.565900032,5862.400000000001
36640.00000,0.00763300,1643150098.2666,buy,market,2022-01-25 22:34:58.266599936,279.67312
36640.00000,0.17000000,1643150098.648,buy,limit,2022-01-25 22:34:58.648000000,6228.8
36640.00000,0.11000000,1643150098.8964,buy,limit,2022-01-25 22:34:58.896399872,4030.4
36640.00000,0.00010000,1643150100.4737,buy,market,2022-01-25 22:35:00.473700096,3.664
36640.00000,0.00477267,1643150102.3708,buy,limit,2022-01-25 22:35:02.370800128,174.8706288
36678.50000,0.00066658,1643150109.3029,buy,limit,2022-01-25 22:35:09.302899968,24.449154529999998
36692.00000,0.49933342,1643150109.3043,buy,limit,2022-01-25 22:35:09.304300032,18321.54184664
36706.90000,0.00646706,1643150109.537,sell,limit,2022-01-25 22:35:09.536999936,237.38572471400002
36707.00000,0.01071424,1643150124.4811,buy,limit,2022-01-25 22:35:24.481100032,393.28760768
36718.10000,0.00016860,1643150127.1027,buy,limit,2022-01-25 22:35:27.102700032,6.19067166
36720.60000,0.00014033,1643150127.1052,buy,limit,2022-01-25 22:35:27.105200128,5.153001798
36721.00000,0.03986010,1643150127.1075,buy,limit,2022-01-25 22:35:27.107500032,1463.7027321
36721.00000,0.06013990,1643150127.1091,buy,limit,2022-01-25 22:35:27.109100032,2208.3972679000003
36721.00000,0.04500000,1643150127.1105,buy,limit,2022-01-25 22:35:27.110500096,1652.445
36721.00000,0.05500000,1643150127.1118,buy,limit,2022-01-25 22:35:27.111800064,2019.655
36727.00000,0.01969107,1643150127.1135,buy,limit,2022-01-25 22:35:27.113500160,723.19392789
36727.00000,0.00816346,1643150134.9864,buy,limit,2022-01-25 22:35:34.986400000,299.81939542000003
36744.50000,0.00107057,1643150141.3232,buy,limit,2022-01-25 22:35:41.323200000,39.337559365000004
36750.00000,0.03892943,1643150141.3245,buy,limit,2022-01-25 22:35:41.324499968,1430.6565525
36750.00000,0.03507057,1643150141.3281,buy,limit,2022-01-25 22:35:41.328099840,1288.8434475000001
36750.00000,0.01976823,1643150141.3302,buy,limit,2022-01-25 22:35:41.330200064,726.4824525
36756.60000,0.00200000,1643150152.7316,sell,market,2022-01-25 22:35:52.731600128,73.5132
36747.50000,0.10000000,1643150154.6926,sell,limit,2022-01-25 22:35:54.692600064,3674.75
36747.40000,0.06563751,1643150154.6942,sell,limit,2022-01-25 22:35:54.694200064,2412.007834974
36747.40000,1.26000000,1643150154.6965,sell,limit,2022-01-25 22:35:54.696499968,46301.724
36747.40000,0.12000000,1643150154.6986,sell,limit,2022-01-25 22:35:54.698599936,4409.688
36747.40000,0.22436249,1643150154.7006,sell,limit,2022-01-25 22:35:54.700599808,8244.738165026
36750.60000,0.01825062,1643150167.4471,buy,market,2022-01-25 22:36:07.447099904,670.7212353719999
36750.60000,0.01444211,1643150167.6782,buy,limit,2022-01-25 22:36:07.678200064,530.756207766
36750.50000,0.00104729,1643150171.4068,sell,market,2022-01-25 22:36:11.406800128,38.488431145
36750.60000,0.00061054,1643150174.0234,buy,limit,2022-01-25 22:36:14.023400192,22.437711324
36750.60000,0.20000000,1643150176.6445,buy,market,2022-01-25 22:36:16.644499968,7350.12
36747.50000,0.00998547,1643150202.8691,buy,limit,2022-01-25 22:36:42.869100032,366.94105882499997
36747.40000,0.00163276,1643150204.0372,sell,limit,2022-01-25 22:36:44.037199872,59.999684824000006
36722.20000,0.00157570,1643150211.3403,buy,market,2022-01-25 22:36:51.340300032,57.86317053999999
36718.20000,0.10000000,1643150213.5897,sell,market,2022-01-25 22:36:53.589700096,3671.8199999999997
36718.20000,0.00521346,1643150213.5909,sell,market,2022-01-25 22:36:53.590899968,191.42886697199998
36715.70000,0.01361815,1643150213.5921,sell,market,2022-01-25 22:36:53.592099840,499.99990995499996
36713.70000,0.08418195,1643150213.5936,sell,market,2022-01-25 22:36:53.593600000,3090.630857715
36713.60000,0.57617716,1643150213.5945,sell,market,2022-01-25 22:36:53.594500096,21153.537781376
36713.60000,0.14790214,1643150213.5955,sell,market,2022-01-25 22:36:53.595500032,5430.020007103999
36713.50000,0.14362542,1643150213.5965,sell,market,2022-01-25 22:36:53.596499968,5272.99185717
36713.50000,0.14095422,1643150213.5978,sell,market,2022-01-25 22:36:53.597799936,5174.922755969999
36709.10000,0.09157500,1643150213.5988,sell,market,2022-01-25 22:36:53.598799872,3361.6358325
36707.40000,0.20675250,1643150213.5999,sell,market,2022-01-25 22:36:53.599899904,7589.346718500001
36713.80000,0.00004000,1643150215.0937,sell,limit,2022-01-25 22:36:55.093699840,1.4685520000000003
36716.70000,0.00010000,1643150219.3162,buy,limit,2022-01-25 22:36:59.316199936,3.6716699999999998
36714.80000,0.00047064,1643150226.2514,buy,market,2022-01-25 22:37:06.251399936,17.279453472
36714.80000,0.13417008,1643150226.6373,buy,limit,2022-01-25 22:37:06.637299968,4926.027653184
36714.60000,0.00143143,1643150229.8331,buy,limit,2022-01-25 22:37:09.833100032,52.554379878
36714.30000,0.00608999,1643150248.6387,sell,market,2022-01-25 22:37:28.638700032,223.589719857
36714.20000,0.01070035,1643150248.6401,sell,market,2022-01-25 22:37:28.640100096,392.85478997
36709.20000,0.07207901,1643150248.6414,sell,market,2022-01-25 22:37:28.641400064,2645.962793892
36707.10000,0.00062037,1643150250.8664,buy,limit,2022-01-25 22:37:30.866400000,22.771983626999997
36689.20000,0.00271175,1643150293.6945,sell,limit,2022-01-25 22:38:13.694500096,99.4919381
36689.20000,0.20000000,1643150293.6957,sell,limit,2022-01-25 22:38:13.695699968,7337.84
36689.20000,0.68500000,1643150293.6967,sell,limit,2022-01-25 22:38:13.696700160,25132.102
36689.20000,0.11228825,1643150293.6977,sell,limit,2022-01-25 22:38:13.697700096,4119.7660619
36689.20000,0.00231000,1643150294.1638,sell,limit,2022-01-25 22:38:14.163800064,84.75205199999999
36672.10000,0.00131608,1643150314.1134,buy,market,2022-01-25 22:38:34.113400064,48.263417368
36658.60000,0.00796445,1643150319.6823,sell,limit,2022-01-25 22:38:39.682300160,291.96558676999996
36648.30000,0.13643000,1643150329.0828,sell,market,2022-01-25 22:38:49.082799872,4999.927569
36647.50000,0.00111519,1643150330.7236,buy,limit,2022-01-25 22:38:50.723599872,40.868925525
36645.20000,0.00001255,1643150336.8751,buy,limit,2022-01-25 22:38:56.875099904,0.45989726
36645.20000,0.00164295,1643150336.877,buy,limit,2022-01-25 22:38:56.877000192,60.206231339999995
36641.10000,0.00875377,1643150345.1636,buy,market,2022-01-25 22:39:05.163599872,320.74776194699996
36628.90000,0.00682325,1643150355.3513,sell,market,2022-01-25 22:39:15.351300096,249.92814192500003
36631.60000,0.00645316,1643150360.9544,buy,limit,2022-01-25 22:39:20.954400000,236.389575856
36629.00000,1.00000000,1643150365.9615,buy,limit,2022-01-25 22:39:25.961499904,36629.0
36629.40000,0.00228097,1643150368.5761,buy,limit,2022-01-25 22:39:28.576100096,83.55056251799999
36623.80000,0.00200000,1643150381.9993,buy,limit,2022-01-25 22:39:41.999300096,73.2476
36624.30000,0.00014875,1643150405.8714,buy,market,2022-01-25 22:40:05.871400192,5.447864625000001
36624.30000,0.00666572,1643150405.8728,buy,market,2022-01-25 22:40:05.872800000,244.12732899600002
36624.20000,0.10000000,1643150410.8889,sell,market,2022-01-25 22:40:10.888900096,3662.42
36624.30000,0.00010000,1643150419.6509,buy,market,2022-01-25 22:40:19.650899968,3.6624300000000005
36624.30000,0.00387693,1643150424.289,buy,limit,2022-01-25 22:40:24.288999936,141.989847399
36624.30000,0.00016560,1643150431.563,buy,market,2022-01-25 22:40:31.563000064,6.06498408
36624.30000,0.00258247,1643150451.7995,buy,limit,2022-01-25 22:40:51.799500032,94.581156021
36624.30000,0.00116042,1643150456.0389,buy,limit,2022-01-25 22:40:56.038899968,42.499570206
36624.30000,0.17039234,1643150456.0406,buy,limit,2022-01-25 22:40:56.040600064,6240.500177862001
36624.30000,0.28000000,1643150456.7717,buy,limit,2022-01-25 22:40:56.771699968,10254.804000000002
36624.30000,0.00252961,1643150460.9121,buy,limit,2022-01-25 22:41:00.912100096,92.645195523
36624.30000,0.00202818,1643150461.1669,buy,limit,2022-01-25 22:41:01.166899968,74.28067277400001
36624.30000,0.00200501,1643150461.2119,buy,limit,2022-01-25 22:41:01.211899904,73.43208774300001
36624.30000,0.00233130,1643150461.2133,buy,limit,2022-01-25 22:41:01.213299968,85.38223059
36642.10000,0.02994032,1643150461.2149,buy,limit,2022-01-25 22:41:01.214899968,1097.0761994719999
36651.60000,0.00418582,1643150463.4478,buy,market,2022-01-25 22:41:03.447799808,153.417000312
36665.00000,0.00488324,1643150463.4494,buy,market,2022-01-25 22:41:03.449400064,179.0439946
36664.90000,0.29264771,1643150465.6321,sell,limit,2022-01-25 22:41:05.632100096,10729.899022379
36665.00000,0.00059708,1643150468.1326,buy,limit,2022-01-25 22:41:08.132600064,21.891938200000002
36665.00000,0.00025206,1643150474.2269,buy,limit,2022-01-25 22:41:14.226900224,9.241779900000001
36665.00000,0.00399066,1643150478.2213,buy,limit,2022-01-25 22:41:18.221299968,146.3175489
36664.90000,0.00014501,1643150485.218,sell,limit,2022-01-25 22:41:25.217999872,5.316777149
36665.00000,0.00200934,1643150494.5533,buy,limit,2022-01-25 22:41:34.553299968,73.6724511
36680.90000,0.00085352,1643150494.5545,buy,limit,2022-01-25 22:41:34.554500096,31.307881768
36688.00000,0.00025380,1643150496.0238,buy,limit,2022-01-25 22:41:36.023799808,9.3114144
36688.00000,0.01266830,1643150496.0255,buy,limit,2022-01-25 22:41:36.025500160,464.7745904
36689.00000,0.00691569,1643150503.169,buy,market,2022-01-25 22:41:43.168999936,253.72975041
36689.10000,0.04100000,1643150507.5847,sell,limit,2022-01-25 22:41:47.584700160,1504.2531
36689.10000,0.00049679,1643150507.702,sell,limit,2022-01-25 22:41:47.701999872,18.226777989
36689.20000,0.00262784,1643150521.8621,buy,limit,2022-01-25 22:42:01.862099968,96.413347328
36689.20000,0.07792392,1643150521.8634,buy,limit,2022-01-25 22:42:01.863399936,2858.9662856639998
36689.20000,0.00004000,1643150521.8648,buy,limit,2022-01-25 22:42:01.864800000,1.467568
36689.20000,0.00003608,1643150521.8658,buy,limit,2022-01-25 22:42:01.865799936,1.323746336
36689.20000,0.05199815,1643150521.8667,buy,limit,2022-01-25 22:42:01.866700032,1907.77052498
36689.20000,0.00153153,1643150522.4755,buy,limit,2022-01-25 22:42:02.475500032,56.19061047599999
36671.80000,0.00400000,1643150551.0039,buy,market,2022-01-25 22:42:31.003900160,146.68720000000002
36671.60000,0.05300000,1643150553.1722,buy,market,2022-01-25 22:42:33.172199936,1943.5947999999999
36671.30000,0.00359400,1643150554.8831,buy,market,2022-01-25 22:42:34.883100160,131.7966522
36671.30000,0.00623911,1643150554.8841,buy,market,2022-01-25 22:42:34.884099840,228.796274543
36671.30000,0.00216689,1643150554.8853,buy,market,2022-01-25 22:42:34.885299968,79.462673257
36671.30000,0.01100000,1643150556.5836,buy,market,2022-01-25 22:42:36.583600128,403.3843
36671.30000,0.01100000,1643150559.8936,buy,market,2022-01-25 22:42:39.893600000,403.3843
36671.30000,0.00800000,1643150561.3893,buy,market,2022-01-25 22:42:41.389300224,293.3704
36671.30000,0.00500000,1643150564.1983,buy,market,2022-01-25 22:42:44.198299904,183.3565
36671.30000,0.00995890,1643150584.6553,buy,market,2022-01-25 22:43:04.655299840,365.20580957000004
36671.30000,0.00250000,1643150632.5223,buy,market,2022-01-25 22:43:52.522299904,91.67825
36671.30000,0.01327580,1643150639.8242,buy,limit,2022-01-25 22:43:59.824199936,486.8408445400001
36671.30000,0.00363001,1643150646.7956,buy,market,2022-01-25 22:44:06.795599872,133.117185713
36671.30000,0.00112251,1643150658.8441,buy,limit,2022-01-25 22:44:18.844100096,41.163900963
36671.30000,0.00014389,1643150662.5967,buy,limit,2022-01-25 22:44:22.596699904,5.276633357000001
36671.30000,0.00049290,1643150672.8199,buy,limit,2022-01-25 22:44:32.819900160,18.075283770000002
36671.30000,0.00250000,1643150675.1461,buy,market,2022-01-25 22:44:35.146099968,91.67825
36671.30000,0.00336796,1643150684.4942,buy,market,2022-01-25 22:44:44.494200064,123.50747154800001
36671.20000,0.00231913,1643150699.0187,sell,limit,2022-01-25 22:44:59.018699776,85.045280056
36671.20000,0.00015540,1643150699.0206,sell,limit,2022-01-25 22:44:59.020600064,5.69870448
36665.00000,0.00045483,1643150703.4854,buy,market,2022-01-25 22:45:03.485400064,16.676341949999998
36664.90000,0.00367496,1643150704.7094,sell,limit,2022-01-25 22:45:04.709400064,134.74204090400002
36650.10000,0.00003907,1643150707.4188,buy,limit,2022-01-25 22:45:07.418800128,1.4319194069999999
36670.90000,0.00924925,1643150731.8149,buy,limit,2022-01-25 22:45:31.814899968,339.178321825
36669.50000,0.00010000,1643150737.0095,buy,market,2022-01-25 22:45:37.009499904,3.6669500000000004
36671.30000,0.00096216,1643150754.2101,buy,market,2022-01-25 22:45:54.210099968,35.283658008
36671.30000,0.03648039,1643150764.4584,buy,market,2022-01-25 22:46:04.458400000,1337.7833258070002
36671.30000,0.03202745,1643150772.2738,buy,market,2022-01-25 22:46:12.273799936,1174.4882271850001
36671.30000,0.01636576,1643150772.2766,buy,market,2022-01-25 22:46:12.276599808,600.1536946880001
36671.30000,0.00030766,1643150772.278,buy,market,2022-01-25 22:46:12.278000128,11.282292158000002
36671.30000,0.00060097,1643150772.2795,buy,market,2022-01-25 22:46:12.279500032,22.038351161000005
36683.10000,0.14646140,1643150772.2809,buy,market,2022-01-25 22:46:12.280900096,5372.658182339999
36683.10000,0.14018025,1643150772.2821,buy,market,2022-01-25 22:46:12.282099968,5142.246128775
36683.20000,0.54169408,1643150772.2835,buy,market,2022-01-25 22:46:12.283500032,19871.072275455997
36686.60000,0.14632558,1643150772.2846,buy,market,2022-01-25 22:46:12.284600064,5368.188023228
36687.80000,0.97603685,1643150772.2856,buy,market,2022-01-25 22:46:12.285600000,35808.64474543
36687.70000,0.00174898,1643150784.1804,sell,market,2022-01-25 22:46:24.180399872,64.166053546
36688.00000,0.00250000,1643150786.0719,buy,market,2022-01-25 22:46:26.071899904,91.72
36688.50000,0.00013059,1643150793.7969,buy,limit,2022-01-25 22:46:33.796900096,4.791151215
36688.50000,0.00000771,1643150796.0045,buy,limit,2022-01-25 22:46:36.004499968,0.282868335
36689.20000,0.01425032,1643150796.0064,buy,limit,2022-01-25 22:46:36.006400000,522.832840544
36689.20000,0.01400000,1643150796.0076,buy,limit,2022-01-25 22:46:36.007600128,513.6487999999999
36695.10000,0.10000000,1643150796.0088,buy,limit,2022-01-25 22:46:36.008800000,3669.51
36695.20000,0.09610446,1643150796.0097,buy,limit,2022-01-25 22:46:36.009700096,3526.5723805919997
36695.20000,0.20563751,1643150796.0115,buy,limit,2022-01-25 22:46:36.011499776,7545.909556952
36692.10000,0.00210089,1643150797.2755,sell,limit,2022-01-25 22:46:37.275500032,77.08606596899999
36688.40000,0.00416825,1643150805.762,sell,market,2022-01-25 22:46:45.762000128,152.9264233
36680.00000,0.00183175,1643150805.7635,sell,market,2022-01-25 22:46:45.763500032,67.18859
36677.50000,0.00144218,1643150808.3539,sell,limit,2022-01-25 22:46:48.353900032,52.89555695
36681.70000,0.00267496,1643150810.2675,buy,market,2022-01-25 22:46:50.267500032,98.122080232
36686.10000,0.00018939,1643150832.4907,buy,limit,2022-01-25 22:47:12.490700032,6.947980479
36696.50000,0.13665845,1643150832.4921,buy,limit,2022-01-25 22:47:12.492100096,5014.886810425
36699.80000,0.07744117,1643150832.4935,buy,limit,2022-01-25 22:47:12.493499904,2842.0754507660004
36699.90000,0.58303477,1643150832.4944,buy,limit,2022-01-25 22:47:12.494400000,21397.317755523003
36699.90000,0.14344084,1643150832.4961,buy,limit,2022-01-25 22:47:12.496099840,5264.264483915999
36700.00000,0.05923538,1643150832.4974,buy,limit,2022-01-25 22:47:12.497400064,2173.938446
36709.70000,0.00147596,1643150866.5649,buy,market,2022-01-25 22:47:46.564899840,54.18204881199999
36709.70000,0.00149162,1643150897.954,buy,market,2022-01-25 22:48:17.953999872,54.75692271399999
36709.70000,0.00010652,1643150922.9422,buy,limit,2022-01-25 22:48:42.942200064,3.910317244
36709.60000,0.00300000,1643150926.8888,sell,market,2022-01-25 22:48:46.888800000,110.1288
36709.60000,0.00059656,1643150926.8901,sell,market,2022-01-25 22:48:46.890099968,21.899478975999997
36709.60000,0.00020000,1643150926.8911,sell,market,2022-01-25 22:48:46.891099904,7.34192
36709.50000,0.00020000,1643150926.893,sell,market,2022-01-25 22:48:46.892999936,7.341900000000001
36695.10000,0.03626535,1643150926.8943,sell,market,2022-01-25 22:48:46.894299904,1330.760644785
36685.80000,0.00013000,1643150940.669,sell,market,2022-01-25 22:49:00.668999936,4.769154
36679.80000,0.00686670,1643150958.8645,buy,limit,2022-01-25 22:49:18.864499968,251.86918266
36685.60000,0.00115967,1643150968.4917,buy,market,2022-01-25 22:49:28.491699968,42.543189751999996
36685.60000,0.00126096,1643150985.1123,buy,market,2022-01-25 22:49:45.112300032,46.259074176
36685.60000,0.01860115,1643150992.0451,buy,limit,2022-01-25 22:49:52.045100032,682.3943484399999
36685.50000,0.00013786,1643150992.6174,sell,limit,2022-01-25 22:49:52.617399808,5.05746303
36685.50000,0.00018949,1643150992.6188,sell,limit,2022-01-25 22:49:52.618799872,6.9515353950000005
36685.50000,0.28889062,1643150992.6207,sell,limit,2022-01-25 22:49:52.620699904,10598.09684001
36685.50000,0.08896838,1643150992.624,sell,limit,2022-01-25 22:49:52.624000000,3263.84950449
36685.50000,0.08413815,1643150992.6252,sell,limit,2022-01-25 22:49:52.625200128,3086.6501018249996
36685.50000,0.11611144,1643150992.6267,sell,limit,2022-01-25 22:49:52.626700032,4259.60623212
36685.50000,0.28288856,1643150992.6295,sell,limit,2022-01-25 22:49:52.629499904,10377.90826788
36685.50000,0.00632941,1643150992.6308,sell,limit,2022-01-25 22:49:52.630800128,232.197570555
36685.50000,0.04367059,1643150992.6336,sell,limit,2022-01-25 22:49:52.633600000,1602.077429445
36685.50000,0.24554738,1643150992.6349,sell,limit,2022-01-25 22:49:52.634899968,9008.02840899
36685.60000,0.00209532,1643150994.9846,buy,limit,2022-01-25 22:49:54.984600064,76.86807139199999
36685.60000,0.08177617,1643150996.1819,buy,limit,2022-01-25 22:49:56.181900032,3000.0078621519997
36685.60000,0.00762300,1643150998.2749,buy,market,2022-01-25 22:49:58.274899968,279.6543288
36685.50000,1.00532811,1643151003.0194,sell,market,2022-01-25 22:50:03.019399936,36880.964379405
36685.60000,0.00146775,1643151005.721,buy,limit,2022-01-25 22:50:05.720999936,53.8452894
36685.60000,0.33218000,1643151007.7164,buy,limit,2022-01-25 22:50:07.716399872,12186.222607999998
36685.60000,0.00000143,1643151008.0285,buy,limit,2022-01-25 22:50:08.028499968,0.052460408
36712.50000,0.00028126,1643151009.3446,buy,market,2022-01-25 22:50:09.344600064,10.32575775
36729.60000,0.01506735,1643151009.3459,buy,market,2022-01-25 22:50:09.345900032,553.41773856
36718.10000,0.00067821,1643151016.0301,sell,limit,2022-01-25 22:50:16.030100224,24.902582601000002
36718.10000,0.09005385,1643151016.1299,sell,limit,2022-01-25 22:50:16.129900032,3306.606269685
36722.60000,0.00081859,1643151016.9642,buy,market,2022-01-25 22:50:16.964199936,30.060753134
36724.70000,0.00027259,1643151020.8358,buy,market,2022-01-25 22:50:20.835799808,10.010785972999999
36694.20000,0.10000000,1643151041.7133,buy,limit,2022-01-25 22:50:41.713299968,3669.42
36699.30000,0.08411615,1643151041.7147,buy,limit,2022-01-25 22:50:41.714700032,3087.0038236950004
36699.40000,0.18372920,1643151041.7156,buy,limit,2022-01-25 22:50:41.715600128,6742.75140248
36690.90000,0.12000000,1643151054.5559,buy,limit,2022-01-25 22:50:54.555900160,4402.908
36690.90000,0.00010000,1643151055.5238,buy,market,2022-01-25 22:50:55.523799808,3.66909
36690.30000,0.08411484,1643151060.077,buy,limit,2022-01-25 22:51:00.076999936,3086.198714052
36709.00000,0.21097958,1643151064.7066,sell,limit,2022-01-25 22:51:04.706599936,7744.84940222
36707.50000,0.00083237,1643151097.4335,buy,market,2022-01-25 22:51:37.433500160,30.554221775000002
36704.40000,0.09634902,1643151099.9712,buy,market,2022-01-25 22:51:39.971200000,3536.432969688
36700.00000,0.00190309,1643151136.6438,sell,market,2022-01-25 22:52:16.643800064,69.84340300000001
36700.10000,0.00536904,1643151150.5788,buy,limit,2022-01-25 22:52:30.578799872,197.044304904
36700.10000,0.04000000,1643151152.2895,buy,market,2022-01-25 22:52:32.289499904,1468.004
36700.10000,0.02100000,1643151153.9193,buy,market,2022-01-25 22:52:33.919300096,770.7021
36700.10000,0.05200000,1643151156.4417,buy,market,2022-01-25 22:52:36.441700096,1908.4052
36700.10000,0.02700000,1643151158.109,buy,market,2022-01-25 22:52:38.108999936,990.9027
36700.10000,0.00700000,1643151159.3414,buy,market,2022-01-25 22:52:39.341399808,256.9007
36700.00000,0.00051771,1643151162.2983,sell,limit,2022-01-25 22:52:42.298299904,18.999957
36708.20000,0.00671360,1643151169.2049,sell,limit,2022-01-25 22:52:49.204900096,246.44417152
36708.30000,0.00119040,1643151169.3982,sell,limit,2022-01-25 22:52:49.398200064,43.69756032000001
36714.20000,0.03468468,1643151170.0808,buy,limit,2022-01-25 22:52:50.080800000,1273.420278456
36714.10000,0.00023500,1643151172.7703,sell,limit,2022-01-25 22:52:52.770299904,8.6278135
36714.20000,0.00172172,1643151178.0284,buy,limit,2022-01-25 22:52:58.028399872,63.21157242399999
36718.30000,0.10000000,1643151185.6092,sell,limit,2022-01-25 22:53:05.609200128,3671.8300000000004
36717.60000,0.22862624,1643151185.6103,sell,limit,2022-01-25 22:53:05.610300160,8394.606829824
36723.20000,0.00016733,1643151189.2939,buy,limit,2022-01-25 22:53:09.293900032,6.144893056
36723.10000,0.00111581,1643151207.3338,buy,market,2022-01-25 22:53:27.333800192,40.976002211
36725.60000,0.00010000,1643151212.7747,buy,market,2022-01-25 22:53:32.774700032,3.67256
36725.60000,0.00740083,1643151219.0782,buy,market,2022-01-25 22:53:39.078200064,271.799922248
36728.90000,0.22500000,1643151233.3223,buy,market,2022-01-25 22:53:53.322299904,8264.0025
36718.60000,0.00606375,1643151292.3632,sell,market,2022-01-25 22:54:52.363200000,222.65241074999997
36718.70000,0.00104104,1643151293.7732,buy,limit,2022-01-25 22:54:53.773200128,38.225635448
36718.70000,0.00057845,1643151296.3631,buy,limit,2022-01-25 22:54:56.363100160,21.239932014999997
36718.70000,0.00137689,1643151296.3649,buy,limit,2022-01-25 22:54:56.364900096,50.55761084299999
36723.50000,0.00023298,1643151317.5337,buy,limit,2022-01-25 22:55:17.533700096,8.55584103
36723.40000,0.00223000,1643151341.703,sell,limit,2022-01-25 22:55:41.703000064,81.89318200000001
36723.50000,0.00010000,1643151343.274,buy,limit,2022-01-25 22:55:43.273999872,3.6723500000000002
36723.50000,0.00125714,1643151345.8207,buy,market,2022-01-25 22:55:45.820699904,46.16658079
36723.50000,1.00000000,1643151351.6572,buy,market,2022-01-25 22:55:51.657200128,36723.5
36723.50000,0.00050000,1643151356.7822,buy,limit,2022-01-25 22:55:56.782200064,18.36175
36723.50000,0.00010000,1643151372.9457,buy,market,2022-01-25 22:56:12.945699840,3.6723500000000002
36723.50000,0.00474983,1643151377.5294,buy,limit,2022-01-25 22:56:17.529400064,174.430382005
36723.50000,0.00268280,1643151379.5866,buy,limit,2022-01-25 22:56:19.586600192,98.5218058
36723.50000,0.46282282,1643151405.0096,buy,limit,2022-01-25 22:56:45.009600000,16996.473830270003
36723.50000,0.00402421,1643151433.845,buy,limit,2022-01-25 22:57:13.844999936,147.783075935
36723.40000,0.00261956,1643151438.5821,sell,limit,2022-01-25 22:57:18.582099968,96.199149704
36723.50000,0.00311617,1643151472.62,buy,limit,2022-01-25 22:57:52.620000000,114.436668995
36723.50000,0.01285962,1643151478.6687,buy,limit,2022-01-25 22:57:58.668699904,472.25025507000004
36723.50000,0.00014038,1643151478.6708,buy,limit,2022-01-25 22:57:58.670799872,5.15524493
36723.50000,0.00385962,1643151479.6974,buy,limit,2022-01-25 22:57:59.697400064,141.73875507
36723.50000,0.00904469,1643151479.6994,buy,limit,2022-01-25 22:57:59.699399936,332.152673215
36723.50000,0.00668657,1643151497.3115,buy,limit,2022-01-25 22:58:17.311500032,245.55425339500002
36723.50000,0.00261930,1643151505.7841,buy,market,2022-01-25 22:58:25.784100096,96.18986355000001
36723.50000,0.00010000,1643151526.9663,buy,limit,2022-01-25 22:58:46.966299904,3.6723500000000002
36723.50000,0.06800847,1643151527.7224,buy,limit,2022-01-25 22:58:47.722400000,2497.509048045
36723.50000,0.00134471,1643151530.4721,buy,market,2022-01-25 22:58:50.472100096,49.382457685
36723.50000,0.03000000,1643151542.5594,buy,limit,2022-01-25 22:59:02.559400192,1101.705
36723.50000,0.00106293,1643151543.5776,buy,market,2022-01-25 22:59:03.577600000,39.034509854999996
36723.50000,0.00501351,1643151544.8184,buy,market,2022-01-25 22:59:04.818400000,184.11363448499998
36723.50000,0.17820940,1643151544.9958,buy,limit,2022-01-25 22:59:04.995800064,6544.472900899999
36723.50000,0.00500000,1643151544.9973,buy,limit,2022-01-25 22:59:04.997299968,183.6175
36723.50000,0.00079494,1643151544.999,buy,limit,2022-01-25 22:59:04.999000064,29.192979089999998
36723.50000,0.00430758,1643151545.001,buy,limit,2022-01-25 22:59:05.000999936,158.18941413000002
36723.50000,0.00212725,1643151545.0023,buy,limit,2022-01-25 22:59:05.002299904,78.120065375
36723.50000,0.00010235,1643151545.0034,buy,limit,2022-01-25 22:59:05.003400192,3.758650225
36745.50000,0.00945848,1643151545.0043,buy,limit,2022-01-25 22:59:05.004300032,347.55657684
36755.90000,0.00045249,1643151556.4661,buy,limit,2022-01-25 22:59:16.466099968,16.631677191
36755.90000,0.00340884,1643151556.468,buy,limit,2022-01-25 22:59:16.468000000,125.294982156
36756.70000,0.00010000,1643151556.4699,buy,limit,2022-01-25 22:59:16.469899776,3.6756699999999998
36759.40000,0.00134697,1643151556.4718,buy,limit,2022-01-25 22:59:16.471800064,49.513809018
36763.90000,0.00803867,1643151556.4734,buy,limit,2022-01-25 22:59:16.473400064,295.532860013
36768.10000,0.00015793,1643151564.0538,buy,limit,2022-01-25 22:59:24.053800192,5.806786033
36773.30000,0.09984207,1643151564.0556,buy,limit,2022-01-25 22:59:24.055599872,3671.5223927310003
36773.30000,0.00015793,1643151564.1577,buy,market,2022-01-25 22:59:24.157700096,5.807607269000001
36777.00000,0.00264906,1643151564.1591,buy,market,2022-01-25 22:59:24.159100160,97.42447962
36781.50000,0.12219301,1643151564.1604,buy,market,2022-01-25 22:59:24.160399872,4494.442197315
36781.60000,0.00180618,1643151571.8212,buy,market,2022-01-25 22:59:31.821199872,66.434190288
36782.30000,0.00267657,1643151571.8224,buy,market,2022-01-25 22:59:31.822400000,98.45040071100001
36790.60000,0.06553577,1643151571.8234,buy,market,2022-01-25 22:59:31.823399936,2411.100299762
36783.50000,0.13637663,1643151590.1693,buy,limit,2022-01-25 22:59:50.169299968,5016.409769605
36789.20000,0.13654234,1643151590.1707,buy,limit,2022-01-25 22:59:50.170700032,5023.283454728
36789.20000,0.14027331,1643151590.172,buy,limit,2022-01-25 22:59:50.172000000,5160.542856252
36790.30000,0.01351342,1643151590.1732,buy,limit,2022-01-25 22:59:50.173199872,497.16277582600003
36798.00000,0.00034000,1643151606.644,buy,market,2022-01-25 23:00:06.644000000,12.511320000000001
36781.60000,0.02669395,1643151614.4173,buy,limit,2022-01-25 23:00:14.417299968,981.84619132
36779.50000,0.00053387,1643151614.7669,buy,limit,2022-01-25 23:00:14.766899968,19.635471665
36768.70000,0.00104385,1643151618.2908,buy,market,2022-01-25 23:00:18.290800128,38.381007495
36765.50000,0.00900000,1643151619.8153,sell,market,2022-01-25 23:00:19.815300096,330.8895
36738.60000,0.07597475,1643151633.3149,buy,limit,2022-01-25 23:00:33.314899968,2791.2059503499995
36765.80000,0.00022160,1643151637.7602,buy,market,2022-01-25 23:00:37.760199936,8.14730128
36750.40000,0.00464000,1643151640.2792,sell,limit,2022-01-25 23:00:40.279200000,170.521856
36749.40000,0.06000000,1643151644.0676,sell,market,2022-01-25 23:00:44.067600128,2204.964
36750.20000,0.02591592,1643151653.4225,buy,limit,2022-01-25 23:00:53.422499840,952.4152431839999
36739.60000,0.00200000,1643151658.809,sell,market,2022-01-25 23:00:58.808999936,73.47919999999999
36739.70000,0.00200000,1643151665.4986,buy,market,2022-01-25 23:01:05.498599936,73.4794
36761.60000,0.05435101,1643151665.4997,buy,market,2022-01-25 23:01:05.499699968,1998.0300892159999
36765.30000,0.00300000,1643151665.5011,buy,market,2022-01-25 23:01:05.501100032,110.29590000000002
36767.10000,0.06307641,1643151665.5023,buy,market,2022-01-25 23:01:05.502299904,2319.136674111
36767.30000,0.04561016,1643151665.5035,buy,market,2022-01-25 23:01:05.503500032,1676.962435768
36779.90000,0.22872940,1643151665.5049,buy,market,2022-01-25 23:01:05.504900096,8412.64445906
36765.10000,0.27278939,1643151665.8215,sell,limit,2022-01-25 23:01:05.821500160,10029.129202289001
36782.90000,0.03379379,1643151668.825,buy,limit,2022-01-25 23:01:08.824999936,1243.033598191
36772.20000,0.11653643,1643151674.7532,buy,limit,2022-01-25 23:01:14.753200128,4285.3009112459995
36770.30000,0.01288456,1643151678.8761,buy,limit,2022-01-25 23:01:18.876100096,473.769136568
36770.20000,0.00104385,1643151688.381,buy,market,2022-01-25 23:01:28.380999936,38.382573269999995
36768.70000,0.00010000,1643151690.7685,buy,market,2022-01-25 23:01:30.768499968,3.67687
36766.30000,0.00046100,1643151692.1926,sell,limit,2022-01-25 23:01:32.192600064,16.9492643
36765.80000,0.00025900,1643151692.1941,sell,limit,2022-01-25 23:01:32.194099968,9.5223422
36768.30000,0.00535370,1643151693.5064,buy,limit,2022-01-25 23:01:33.506400000,196.84644771000004
36766.90000,0.00172462,1643151697.9904,buy,market,2022-01-25 23:01:37.990400000,63.408931078
36765.90000,0.00261454,1643151703.7227,buy,limit,2022-01-25 23:01:43.722700032,96.125916186
36776.90000,0.02100000,1643151754.5597,buy,market,2022-01-25 23:02:34.559699968,772.3149000000001
36776.90000,0.01800000,1643151755.852,buy,market,2022-01-25 23:02:35.852000000,661.9842
36776.90000,0.00200000,1643151757.1123,buy,market,2022-01-25 23:02:37.112300032,73.55380000000001
36776.90000,0.04800000,1643151758.4234,buy,market,2022-01-25 23:02:38.423399936,1765.2912000000001
36776.90000,0.00100000,1643151759.8234,buy,market,2022-01-25 23:02:39.823399936,36.776900000000005
36777.90000,0.03300000,1643151761.2239,buy,market,2022-01-25 23:02:41.223900160,1213.6707000000001
36778.00000,0.00100000,1643151762.7473,buy,market,2022-01-25 23:02:42.747299840,36.778
