unix,open,high,low,close,vwap,volume,tradecount,date,volume_from
1643108580,36488.0,36514.7,36474.5,36514.7,36507.2,0.16819558,7,2022-01-25 11:03:00,6141.611145026
1643108640,36514.7,36563.5,36514.7,36563.5,36551.6,0.08586469,9,2022-01-25 11:04:00,3139.513592815
1643108700,36563.5,36563.5,36514.9,36537.4,36525.9,0.24992547,7,2022-01-25 11:05:00,9131.626867578001
1643108760,36537.3,36537.3,36532.8,36537.3,36536.9,0.13503618,7,2022-01-25 11:06:00,4933.857419514001
1643108820,36537.3,36537.3,36537.3,36537.3,36537.3,0.05060310,8,2022-01-25 11:07:00,1848.90064563
1643108880,36537.3,36581.6,36537.3,36580.7,36574.8,0.85835878,18,2022-01-25 11:08:00,31399.365023545997
1643108940,36580.8,36591.8,36580.7,36591.8,36580.8,0.09706721,9,2022-01-25 11:09:00,3551.8639348780002
1643109000,36574.5,36577.3,36561.2,36570.2,36573.5,0.01704203,7,2022-01-25 11:10:00,623.2304455059999
1643109060,36576.8,36576.8,36568.3,36575.4,36568.7,5.10346832,11,2022-01-25 11:11:00,186661.39519132802
1643109120,36576.5,36577.0,36568.3,36568.3,36570.0,0.10183121,7,2022-01-25 11:12:00,3723.7942366430007
1643109180,36568.3,36568.3,36568.2,36568.2,36568.2,0.15939379,13,2022-01-25 11:13:00,5828.743991478
1643109240,36568.3,36573.7,36568.3,36573.7,36569.3,0.04135626,6,2022-01-25 11:14:00,1512.5514463619998
1643109300,36579.8,36617.8,36570.0,36584.1,36591.7,0.09391965,6,2022-01-25 11:15:00,3435.965867565
1643109360,36571.4,36571.5,36537.4,36537.4,36567.4,0.45213501,22,2022-01-25 11:16:00,16519.837714374
1643109420,36537.4,36537.4,36536.2,36536.2,36537.3,0.45766287,9,2022-01-25 11:17:00,16721.262150894
1643109480,36536.3,36536.3,36485.9,36491.5,36509.7,0.35296391,16,2022-01-25 11:18:00,12880.182521765
1643109540,36441.4,36446.6,36441.4,36446.6,36443.5,0.01557829,2,2022-01-25 11:19:00,567.775704314
1643109600,36442.2,36442.2,36431.9,36434.8,36435.5,0.12576381,7,2022-01-25 11:20:00,4582.1792645880005
1643109660,36431.8,36437.0,36424.5,36436.2,36433.1,1.79456147,32,2022-01-25 11:21:00,65387.000633214
1643109720,36436.1,36436.2,36436.1,36436.1,36436.1,0.00686958,4,2022-01-25 11:22:00,250.300703838
1643109780,36436.1,36436.1,36436.1,36436.1,36436.1,0.00156252,2,2022-01-25 11:23:00,56.932134972
1643109840,36399.9,36399.9,36310.7,36313.0,36354.9,0.07211952,27,2022-01-25 11:24:00,2618.8761297600004
1643109900,36316.1,36316.1,36308.2,36308.2,36308.4,0.49848073,14,2022-01-25 11:25:00,18098.938040986
1643109960,36308.2,36308.3,36254.3,36308.3,36273.6,1.05920116,31,2022-01-25 11:26:00,38457.793477628
1643110020,36308.3,36308.3,36259.6,36263.2,36291.7,0.03865893,9,2022-01-25 11:27:00,1401.896510376
1643110080,36286.1,36292.5,36286.1,36292.5,36287.8,0.15132601,4,2022-01-25 11:28:00,5491.999217925
1643110140,36297.6,36307.3,36292.6,36292.6,36304.4,0.01874280,4,2022-01-25 11:29:00,680.2249432799999
1643110200,36292.8,36322.8,36292.5,36322.8,36300.4,0.08502428,13,2022-01-25 11:30:00,3088.319917584
1643110260,36325.8,36357.6,36286.7,36286.7,36345.3,2.13973712,25,2022-01-25 11:31:00,77643.998952304
1643110320,36291.2,36297.9,36291.2,36297.9,36296.2,0.00383241,4,2022-01-25 11:32:00,139.108434939
1643110380,36300.2,36321.4,36300.2,36319.2,36318.5,0.05696789,7,2022-01-25 11:33:00,2069.028190488
1643110440,36329.6,36335.9,36319.0,36331.8,36329.7,0.14596832,9,2022-01-25 11:34:00,5303.291808576001
1643110500,36333.0,36350.0,36333.0,36340.5,36342.6,0.08699229,10,2022-01-25 11:35:00,3161.343314745
1643110560,36334.1,36391.7,36334.1,36388.4,36364.7,0.09829982,11,2022-01-25 11:36:00,3576.973170088
1643110620,36394.1,36410.8,36394.1,36403.7,36404.8,0.05287164,6,2022-01-25 11:37:00,1924.7233210679997
1643110680,36404.7,36419.6,36381.6,36381.6,36397.5,0.93765756,26,2022-01-25 11:38:00,34113.482284895996
1643110740,36392.9,36418.1,36380.5,36380.5,36387.4,0.30996254,6,2022-01-25 11:39:00,11276.59218647
1643110800,36350.0,36350.0,36320.2,36323.3,36323.1,0.68849861,8,2022-01-25 11:40:00,25008.541560613
1643110860,36324.1,36332.5,36315.9,36315.9,36322.0,0.73363099,22,2022-01-25 11:41:00,26642.469669741
1643110920,36302.2,36306.4,36300.0,36300.1,36300.6,0.22495478,9,2022-01-25 11:42:00,8165.881009477999
1643110980,36337.2,36337.2,36318.4,36334.9,36333.7,0.17669203,9,2022-01-25 11:43:00,6420.087240847
1643111040,36329.3,36364.3,36328.5,36364.3,36334.5,0.21631720,19,2022-01-25 11:44:00,7866.22355596
1643111100,36399.8,36400.7,36384.9,36385.2,36385.9,0.04205224,5,2022-01-25 11:45:00,1530.079162848
1643111160,36385.2,36417.0,36366.9,36405.6,36379.9,0.08978466,10,2022-01-25 11:46:00,3268.6644180959997
1643111220,36404.9,36411.0,36404.9,36411.0,36409.8,0.01090779,4,2022-01-25 11:47:00,397.16354169000005
1643111280,36424.3,36424.3,36418.1,36424.2,36419.5,0.03268587,5,2022-01-25 11:48:00,1190.5566660539998
1643111340,36424.3,36450.0,36424.3,36450.0,36441.3,0.06317411,8,2022-01-25 11:49:00,2302.6963095
1643111400,36450.0,36450.0,36449.9,36449.9,36449.9,0.00722277,5,2022-01-25 11:50:00,263.269244223
1643111460,36431.1,36451.5,36429.5,36446.8,36438.1,0.60191936,9,2022-01-25 11:51:00,21938.034530048004
1643111520,36445.2,36448.0,36395.9,36405.8,36434.6,2.38631885,21,2022-01-25 11:52:00,86875.84678933
1643111580,36410.0,36414.3,36410.0,36414.3,36412.4,0.01234213,4,2022-01-25 11:53:00,449.43002445900004
1643111640,36416.5,36427.7,36379.1,36379.1,36412.4,0.07696874,5,2022-01-25 11:54:00,2800.0534893339996
1643111700,36343.6,36350.9,36336.8,36336.8,36337.2,0.01133478,4,2022-01-25 11:55:00,411.869633904
1643111760,36341.9,36371.3,36341.9,36371.3,36352.9,0.06975525,7,2022-01-25 11:56:00,2537.0891243250003
1643111820,36425.8,36490.5,36424.2,36490.5,36450.0,0.40043870,22,2022-01-25 11:57:00,14612.20838235
1643111880,36482.6,36482.6,36463.3,36476.6,36464.9,0.15890369,11,2022-01-25 11:58:00,5796.266338653999
1643111940,36476.5,36476.5,36437.0,36437.0,36450.4,0.40328888,13,2022-01-25 11:59:00,14694.63692056
1643112000,36437.4,36476.6,36437.3,36476.6,36440.3,1.93545948,17,2022-01-25 12:00:00,70598.98126816799
1643112060,36476.6,36476.6,36437.4,36437.5,36473.7,1.19142135,18,2022-01-25 12:01:00,43412.415440624995
1643112120,36440.2,36440.2,36437.4,36437.4,36437.7,0.20030297,12,2022-01-25 12:02:00,7298.519439078
1643112180,36437.5,36437.5,36422.9,36422.9,36437.3,0.25700381,13,2022-01-25 12:03:00,9360.824071249
1643112240,36422.1,36422.1,36400.0,36400.1,36401.3,0.16656692,6,2022-01-25 12:04:00,6063.052544692
1643112300,36400.1,36400.1,36333.0,36333.0,36340.9,0.32795189,11,2022-01-25 12:05:00,11915.47601937
1643112360,36332.9,36344.7,36322.5,36340.4,36335.3,0.34021659,9,2022-01-25 12:06:00,12363.606967236
1643112420,36322.2,36324.8,36289.4,36319.8,36300.8,1.43801591,15,2022-01-25 12:07:00,52228.45024801801
1643112480,36319.8,36319.8,36302.7,36306.7,36305.6,4.16894318,16,2022-01-25 12:08:00,151360.569353306
1643112540,36312.4,36312.4,36293.0,36293.0,36296.8,0.56162502,4,2022-01-25 12:09:00,20383.05685086
1643112600,36287.3,36302.9,36287.3,36291.7,36296.4,0.58143408,12,2022-01-25 12:10:00,21101.231201135997
1643112660,36290.6,36297.9,36290.0,36290.0,36290.5,0.68703882,24,2022-01-25 12:11:00,24932.638777800003
1643112720,36290.0,36330.6,36290.0,36330.6,36297.8,1.30626035,26,2022-01-25 12:12:00,47457.22227171
1643112780,36330.9,36342.3,36314.0,36318.1,36331.6,0.28131912,17,2022-01-25 12:13:00,10216.975932071999
1643112840,36318.1,36318.1,36318.1,36318.1,36318.1,0.06609643,4,2022-01-25 12:14:00,2400.496754383
1643112900,36318.0,36318.1,36318.0,36318.0,36318.0,0.03111157,7,2022-01-25 12:15:00,1129.90999926
1643112960,36318.0,36318.0,36252.0,36267.3,36276.5,1.13664427,16,2022-01-25 12:16:00,41223.018733371
1643113020,36288.3,36332.1,36288.3,36325.8,36311.6,0.16639954,6,2022-01-25 12:17:00,6044.5964101320005
1643113080,36325.8,36353.4,36299.3,36347.4,36348.2,0.17249330,11,2022-01-25 12:18:00,6269.68297242
1643113140,36358.7,36384.0,36358.7,36384.0,36374.2,0.67138591,10,2022-01-25 12:19:00,24427.70494944
1643113200,36397.6,36400.0,36388.0,36400.0,36399.2,0.42460108,8,2022-01-25 12:20:00,15455.479312000001
1643113260,36400.0,36468.0,36400.0,36450.9,36422.4,5.57669870,27,2022-01-25 12:21:00,203275.68664383
1643113320,36468.1,36484.5,36453.8,36453.8,36457.8,6.09166693,29,2022-01-25 12:22:00,222064.407932834
1643113380,36453.9,36453.9,36447.7,36447.8,36451.8,0.01533638,9,2022-01-25 12:23:00,558.977310964
1643113440,36447.8,36447.8,36400.6,36400.6,36447.3,0.40551403,9,2022-01-25 12:24:00,14760.954000418
1643113500,36400.5,36411.7,36400.5,36400.6,36401.2,0.26601558,9,2022-01-25 12:25:00,9683.126721347999
1643113560,36400.6,36462.4,36400.6,36445.2,36429.9,0.80791850,16,2022-01-25 12:26:00,29444.751316199996
1643113620,36443.0,36481.4,36443.0,36465.4,36450.8,5.34457578,19,2022-01-25 12:27:00,194892.09364801203
1643113680,36475.0,36475.0,36467.3,36472.0,36467.9,0.07565780,4,2022-01-25 12:28:00,2759.3912815999997
1643113740,36473.3,36492.1,36473.3,36481.9,36486.6,0.58271499,9,2022-01-25 12:29:00,21258.549993681
1643113800,36481.8,36509.6,36460.0,36509.6,36479.7,2.95383662,48,2022-01-25 12:30:00,107843.393461552
1643113860,36509.7,36539.5,36499.1,36507.9,36511.7,4.42342656,48,2022-01-25 12:31:00,161490.01450982402
1643113920,36505.4,36522.4,36505.4,36517.5,36510.5,0.21951752,25,2022-01-25 12:32:00,8016.2310366
1643113980,36517.6,36521.7,36460.4,36460.4,36476.8,1.03355031,16,2022-01-25 12:33:00,37683.657722724005
1643114040,36461.0,36483.9,36461.0,36472.7,36463.0,1.61691298,11,2022-01-25 12:34:00,58973.18204564599
1643114100,36472.8,36519.7,36472.8,36519.7,36486.4,1.77883443,20,2022-01-25 12:35:00,64962.499733271
1643114160,36519.7,36529.2,36519.6,36527.5,36523.4,0.15529915,11,2022-01-25 12:36:00,5672.6897016249995
1643114220,36546.1,36580.7,36519.6,36536.2,36551.9,1.10858884,16,2022-01-25 12:37:00,40503.623576007994
1643114280,36545.0,36562.5,36522.6,36525.3,36556.5,0.41228639,6,2022-01-25 12:38:00,15058.884080667001
1643114340,36534.6,36637.5,36531.3,36621.7,36604.2,2.27337973,51,2022-01-25 12:39:00,83255.03045814099
1643114400,36628.3,36727.8,36626.6,36727.8,36683.6,1.88167539,53,2022-01-25 12:40:00,69109.79738884201
1643114460,36735.2,36782.0,36661.0,36698.2,36747.1,3.29875030,64,2022-01-25 12:41:00,121058.19825946
1643114520,36691.6,36691.6,36669.9,36690.5,36676.1,2.40028540,18,2022-01-25 12:42:00,88067.6714687
1643114580,36669.9,36669.9,36648.0,36648.4,36664.7,1.41677845,17,2022-01-25 12:43:00,51922.66334698
1643114640,36651.5,36665.1,36647.7,36664.9,36655.8,3.62952606,15,2022-01-25 12:44:00,133076.210037294
1643114700,36669.7,36669.8,36669.7,36669.8,36669.7,0.04248665,8,2022-01-25 12:45:00,1557.9769581700002
1643114760,36656.9,36656.9,36600.0,36612.7,36619.0,0.21574686,14,2022-01-25 12:46:00,7899.075061122
1643114820,36600.1,36600.1,36600.1,36600.1,36600.1,0.49455228,6,2022-01-25 12:47:00,18100.662903228
1643114880,36600.1,36637.0,36600.1,36630.0,36633.6,1.73398353,12,2022-01-25 12:48:00,63515.816703899996
1643114940,36634.1,36648.1,36621.7,36621.7,36634.4,0.07366755,6,2022-01-25 12:49:00,2697.830915835
1643115000,36627.3,36627.3,36621.6,36621.6,36626.7,0.06223184,4,2022-01-25 12:50:00,2279.029551744
1643115060,36621.7,36621.7,36562.4,36569.1,36607.2,0.25074125,14,2022-01-25 12:51:00,9169.381845375001
1643115120,36569.1,36569.1,36528.1,36540.9,36563.9,0.14314751,17,2022-01-25 12:52:00,5230.738848159001
1643115180,36540.3,36555.2,36540.3,36554.4,36546.4,0.05837446,7,2022-01-25 12:53:00,2133.843360624
1643115240,36554.4,36570.8,36547.5,36562.5,36556.2,0.04944140,7,2022-01-25 12:54:00,1807.7011875
1643115300,36554.4,36563.7,36535.7,36539.2,36553.3,0.04464995,9,2022-01-25 12:55:00,1631.4734530399999
1643115360,36560.2,36564.3,36559.8,36563.0,36562.8,0.38560469,10,2022-01-25 12:56:00,14098.864280470001
1643115420,36563.0,36563.0,36562.9,36562.9,36562.9,0.00665990,2,2022-01-25 12:57:00,243.50525771
1643115480,36563.0,36563.0,36562.9,36563.0,36562.9,0.08483380,11,2022-01-25 12:58:00,3101.7782294
1643115540,36562.9,36563.0,36562.9,36563.0,36562.9,0.10107936,8,2022-01-25 12:59:00,3695.7646396799996
1643115600,36563.0,36563.0,36562.9,36563.0,36562.9,0.01803770,10,2022-01-25 13:00:00,659.5124251
1643115660,36562.9,36563.0,36562.9,36563.0,36562.9,1.28628601,7,2022-01-25 13:01:00,47030.47538363
1643115720,36563.0,36563.0,36559.9,36561.0,36560.6,0.56937303,21,2022-01-25 13:02:00,20816.847349829997
1643115780,36561.0,36563.0,36561.0,36562.9,36562.9,0.83319873,11,2022-01-25 13:03:00,30464.161845117
1643115840,36562.9,36563.0,36526.3,36530.4,36557.6,2.94786097,20,2022-01-25 13:04:00,107686.540378488
1643115900,36540.7,36540.7,36515.5,36515.5,36533.4,0.38870103,7,2022-01-25 13:05:00,14193.612460965
1643115960,36509.5,36512.8,36491.8,36491.9,36500.7,0.11654901,10,2022-01-25 13:06:00,4253.094818019
1643116020,36491.9,36491.9,36460.1,36460.1,36487.0,2.44785929,32,2022-01-25 13:07:00,89249.194499329
1643116080,36460.1,36460.1,36450.0,36450.1,36454.0,0.96311713,30,2022-01-25 13:08:00,35105.715700213
1643116140,36450.1,36450.1,36384.4,36384.4,36397.9,2.32251312,37,2022-01-25 13:09:00,84503.246363328
1643116200,36378.4,36422.1,36378.3,36378.4,36390.6,3.20596668,29,2022-01-25 13:10:00,116627.938271712
1643116260,36378.4,36396.9,36378.4,36396.0,36386.2,0.43331676,12,2022-01-25 13:11:00,15770.99679696
1643116320,36386.7,36418.0,36386.7,36410.0,36406.6,0.86542467,9,2022-01-25 13:12:00,31510.112234700002
1643116380,36419.6,36427.2,36419.6,36427.2,36419.7,0.28053049,3,2022-01-25 13:13:00,10218.940265328
1643116440,36424.2,36448.5,36422.3,36448.5,36442.2,0.37888823,5,2022-01-25 13:14:00,13809.907651155
1643116500,36447.9,36447.9,36430.0,36438.8,36443.0,0.51041488,16,2022-01-25 13:15:00,18598.905729344002
1643116560,36427.6,36427.7,36402.6,36420.4,36418.6,2.83165375,19,2022-01-25 13:16:00,103129.96223650001
1643116620,36434.2,36546.9,36430.7,36525.3,36472.3,2.08228144,24,2022-01-25 13:17:00,76055.95428043201
1643116680,36525.3,36525.3,36469.7,36473.7,36483.8,1.95357024,16,2022-01-25 13:18:00,71253.934862688
1643116740,36476.9,36548.9,36476.8,36541.2,36484.7,1.52728339,21,2022-01-25 13:19:00,55808.767810667996
1643116800,36537.0,36570.0,36500.0,36560.3,36561.9,38.94079075,66,2022-01-25 13:20:00,1423686.992057225
1643116860,36560.0,36560.0,36480.9,36490.0,36537.5,38.86580079,67,2022-01-25 13:21:00,1418213.0708271
1643116920,36490.0,36490.0,36430.1,36430.1,36449.5,7.16415978,32,2022-01-25 13:22:00,260991.057201378
1643116980,36444.9,36493.9,36440.8,36490.0,36470.3,13.64290039,28,2022-01-25 13:23:00,497829.43523109995
1643117040,36490.1,36505.5,36490.1,36491.1,36490.3,5.13298198,11,2022-01-25 13:24:00,187308.158730378
1643117100,36491.5,36507.8,36399.9,36399.9,36417.5,1.27302281,33,2022-01-25 13:25:00,46337.902981719
1643117160,36409.5,36411.8,36408.7,36411.8,36408.9,5.30075030,17,2022-01-25 13:26:00,193009.85977354
1643117220,36411.8,36423.5,36371.3,36371.4,36409.0,0.39460640,32,2022-01-25 13:27:00,14352.387216960002
1643117280,36371.3,36371.3,36312.5,36324.7,36332.8,0.47692381,40,2022-01-25 13:28:00,17324.114321106998
1643117340,36339.1,36339.1,36331.0,36331.0,36331.9,0.67345237,10,2022-01-25 13:29:00,24467.19805447
1643117400,36328.3,36377.8,36320.3,36357.7,36358.7,0.57640507,16,2022-01-25 13:30:00,20956.762613539
1643117460,36351.8,36364.9,36339.6,36364.9,36350.4,0.10527105,12,2022-01-25 13:31:00,3828.1712061450003
1643117520,36366.4,36366.4,36358.9,36362.2,36365.6,0.00755314,4,2022-01-25 13:32:00,274.64878730799995
1643117580,36362.3,36371.9,36362.3,36367.1,36367.2,3.78972501,12,2022-01-25 13:33:00,137821.308411171
1643117640,36381.7,36396.9,36381.7,36395.8,36388.0,0.02992904,5,2022-01-25 13:34:00,1089.291354032
1643117700,36395.7,36428.3,36395.7,36410.1,36419.6,4.63251992,26,2022-01-25 13:35:00,168670.513539192
1643117760,36405.1,36423.1,36403.3,36423.1,36415.0,0.04140242,3,2022-01-25 13:36:00,1508.004483902
1643117820,36428.7,36445.0,36420.0,36420.0,36430.1,34.37234566,59,2022-01-25 13:37:00,1251840.8289372001
1643117880,36420.0,36420.0,36407.2,36407.2,36414.8,0.03087739,6,2022-01-25 13:38:00,1124.159313208
1643117940,36420.0,36420.0,36419.9,36419.9,36419.9,0.58438910,8,2022-01-25 13:39:00,21283.39258309
1643118000,36419.9,36420.0,36411.2,36411.2,36419.8,3.54765389,10,2022-01-25 13:40:00,129174.33531956798
1643118060,36411.2,36411.3,36411.2,36411.2,36411.2,0.55395131,11,2022-01-25 13:41:00,20170.031938671997
1643118120,36411.3,36411.3,36411.2,36411.2,36411.2,0.00844011,5,2022-01-25 13:42:00,307.314533232
1643118180,36411.3,36420.0,36411.3,36420.0,36413.2,0.09025446,6,2022-01-25 13:43:00,3287.0674332
1643118240,36420.0,36445.1,36419.9,36442.7,36420.2,16.56245052,60,2022-01-25 13:44:00,603580.4155652039
1643118300,36442.8,36445.1,36437.0,36437.5,36437.9,0.29263414,11,2022-01-25 13:45:00,10662.85647625
1643118360,36438.7,36461.0,36438.7,36461.0,36459.4,0.22947773,9,2022-01-25 13:46:00,8366.987513529999
1643118420,36461.0,36461.0,36461.0,36461.0,36461.0,0.00590916,5,2022-01-25 13:47:00,215.45388276
1643118480,36461.0,36462.1,36450.0,36450.0,36454.2,0.53995858,13,2022-01-25 13:48:00,19681.490241
1643118540,36447.8,36461.9,36443.8,36452.6,36450.6,0.06750834,9,2022-01-25 13:49:00,2460.8545146839997
1643118600,36448.7,36448.7,36354.1,36434.8,36391.1,50.93152783,85,2022-01-25 13:50:00,1855680.030180484
1643118660,36460.8,36460.8,36456.1,36456.2,36457.2,0.01539055,3,2022-01-25 13:51:00,561.0809689099999
1643118720,36456.2,36456.2,36414.3,36426.9,36455.2,0.56159414,15,2022-01-25 13:52:00,20457.133578366
1643118780,36426.9,36426.9,36386.0,36387.5,36401.7,0.44425384,16,2022-01-25 13:53:00,16165.286603
1643118840,36391.6,36392.6,36386.1,36386.1,36387.1,0.15452221,5,2022-01-25 13:54:00,5622.460585280999
1643118900,36382.1,36392.6,36380.5,36392.6,36385.2,0.12576135,13,2022-01-25 13:55:00,4576.782506009999
1643118960,36392.6,36445.6,36392.6,36445.6,36403.0,0.27041476,7,2022-01-25 13:56:00,9855.428177056
1643119020,36461.3,36500.5,36459.9,36477.5,36491.3,2.12964066,27,2022-01-25 13:57:00,77683.96717515001
1643119080,36483.0,36534.7,36483.0,36534.7,36502.1,0.33686459,19,2022-01-25 13:58:00,12307.246736273
1643119140,36534.7,36534.7,36534.7,36534.7,36534.7,0.11698409,3,2022-01-25 13:59:00,4273.978632922999
1643119200,36534.7,36534.7,36499.7,36499.7,36503.4,0.48834810,11,2022-01-25 14:00:00,17824.559145569998
1643119260,36481.2,36481.2,36426.7,36426.7,36456.0,0.46884705,17,2022-01-25 14:01:00,17078.550836234997
1643119320,36426.3,36426.3,36420.7,36424.5,36422.4,0.08172057,11,2022-01-25 14:02:00,2976.6309019650002
1643119380,36424.5,36469.7,36424.5,36466.6,36443.4,0.06296516,7,2022-01-25 14:03:00,2296.125303656
1643119440,36466.7,36500.0,36466.7,36500.0,36494.4,0.26810779,9,2022-01-25 14:04:00,9785.934335
1643119500,36500.0,36565.3,36499.9,36565.3,36527.2,2.36282610,24,2022-01-25 14:05:00,86397.44519433001
1643119560,36565.4,36574.4,36547.6,36547.6,36563.2,1.14187215,15,2022-01-25 14:06:00,41732.686589339995
1643119620,36564.1,36583.5,36558.9,36583.5,36565.6,0.96732735,6,2022-01-25 14:07:00,35388.220108725
1643119680,36592.5,36607.2,36581.7,36581.7,36593.2,2.49046143,22,2022-01-25 14:08:00,91105.31289383098
1643119740,36571.1,36613.4,36571.1,36613.4,36571.7,0.60942935,9,2022-01-25 14:09:00,22313.28056329
1643119800,36611.8,36624.3,36598.6,36598.6,36604.8,0.36874968,11,2022-01-25 14:10:00,13495.722038448
1643119860,36593.2,36593.2,36528.7,36564.3,36549.1,1.76951984,32,2022-01-25 14:11:00,64701.254285712006
1643119920,36564.2,36627.4,36564.2,36626.3,36598.0,1.53286239,20,2022-01-25 14:12:00,56143.077754857004
1643119980,36633.0,36652.7,36605.6,36606.7,36645.7,1.32461043,33,2022-01-25 14:13:00,48489.61662788099
1643120040,36631.1,36647.4,36631.1,36647.4,36643.0,0.58619389,9,2022-01-25 14:14:00,21482.481964386
1643120100,36654.4,36661.7,36647.3,36660.1,36648.0,0.53840704,11,2022-01-25 14:15:00,19738.055927103997
1643120160,36661.7,36693.3,36661.7,36693.2,36678.1,8.20098880,38,2022-01-25 14:16:00,300920.52223615994
1643120220,36698.7,36750.0,36698.7,36747.7,36734.4,2.39792859,38,2022-01-25 14:17:00,88118.36044674298
1643120280,36747.7,36747.7,36698.6,36703.5,36700.2,1.07892058,19,2022-01-25 14:18:00,39600.161508029996
1643120340,36710.6,36741.2,36710.6,36721.7,36721.3,1.90157465,22,2022-01-25 14:19:00,69829.05382490499
1643120400,36722.5,36734.7,36722.0,36734.7,36727.6,0.05848936,9,2022-01-25 14:20:00,2148.5890927919995
1643120460,36747.9,36800.6,36744.7,36800.6,36754.5,0.67206484,28,2022-01-25 14:21:00,24732.389350904
1643120520,36800.8,36905.9,36800.0,36849.7,36855.7,19.81544748,101,2022-01-25 14:22:00,730193.295003756
1643120580,36803.9,36820.4,36803.9,36820.4,36814.2,1.71171240,28,2022-01-25 14:23:00,63025.93525296
1643120640,36824.0,36824.0,36800.0,36822.5,36818.4,2.22461101,24,2022-01-25 14:24:00,81915.738915725
1643120700,36823.4,36823.4,36764.1,36794.3,36780.8,1.31775559,34,2022-01-25 14:25:00,48485.894505137
1643120760,36766.1,36767.2,36736.3,36736.3,36764.0,0.81121789,9,2022-01-25 14:26:00,29801.143772407002
1643120820,36735.7,36735.7,36675.8,36675.8,36708.1,0.41046530,21,2022-01-25 14:27:00,15054.14324974
1643120880,36668.1,36674.5,36647.3,36647.3,36667.6,1.04851163,20,2022-01-25 14:28:00,38425.120258099
1643120940,36647.3,36647.3,36600.0,36634.2,36614.0,4.32890243,32,2022-01-25 14:29:00,158585.877401106
1643121000,36616.2,36668.5,36572.1,36597.5,36604.8,7.33535786,44,2022-01-25 14:30:00,268455.75928135
1643121060,36664.6,36668.5,36644.6,36644.6,36668.1,0.42011130,11,2022-01-25 14:31:00,15394.81054398
1643121120,36644.6,36644.6,36500.0,36500.0,36614.8,0.93662883,31,2022-01-25 14:32:00,34186.952294999996
1643121180,36500.1,36628.8,36500.1,36628.8,36524.6,1.31478060,18,2022-01-25 14:33:00,48158.835641280006
1643121240,36643.0,36648.3,36592.3,36648.3,36625.4,1.86468127,23,2022-01-25 14:34:00,68337.398587341
1643121300,36591.3,36709.2,36591.3,36702.4,36682.2,2.76558505,33,2022-01-25 14:35:00,101503.60873912
1643121360,36713.1,36995.3,36713.1,36963.3,36866.9,15.76436436,200,2022-01-25 14:36:00,582702.9291479881
1643121420,36959.9,37143.0,36959.9,37078.2,37086.2,6.38492733,171,2022-01-25 14:37:00,236741.612527206
1643121480,37026.7,37060.9,37000.0,37026.5,37043.2,8.33350815,37,2022-01-25 14:38:00,308560.639515975
1643121540,37022.7,37028.8,36990.0,36990.1,37000.2,2.01454806,32,2022-01-25 14:39:00,74518.334194206
1643121600,36990.0,37100.9,36925.3,36946.3,37002.9,4.88000486,51,2022-01-25 14:40:00,180298.12355901801
1643121660,36920.7,36920.7,36813.6,36862.6,36846.0,4.45930425,40,2022-01-25 14:41:00,164381.54884605
1643121720,36843.9,36913.8,36830.0,36840.8,36872.3,5.22037427,44,2022-01-25 14:42:00,192322.764406216
1643121780,36830.0,36875.7,36760.6,36823.4,36812.2,2.08958375,26,2022-01-25 14:43:00,76945.57825975001
1643121840,36831.2,36869.0,36800.1,36834.8,36826.1,1.26984369,17,2022-01-25 14:44:00,46774.438352412006
1643121900,36844.7,36853.0,36723.8,36742.2,36776.7,2.16127170,35,2022-01-25 14:45:00,79409.87705573998
1643121960,36725.0,36767.7,36672.2,36672.6,36743.2,1.13731825,26,2022-01-25 14:46:00,41708.41725495
1643122020,36672.7,36672.7,36642.4,36651.6,36666.2,0.32382840,17,2022-01-25 14:47:00,11868.82898544
1643122080,36642.4,36651.3,36415.5,36651.3,36474.4,111.29926895,144,2022-01-25 14:48:00,4079262.896067135
1643122140,36618.5,36634.3,36537.0,36542.5,36598.3,4.37780037,35,2022-01-25 14:49:00,159975.770020725
1643122200,36542.5,36542.8,36518.2,36542.5,36542.3,0.97856652,15,2022-01-25 14:50:00,35759.2670571
1643122260,36542.6,36561.5,36479.9,36513.1,36498.0,5.39525079,36,2022-01-25 14:51:00,196997.331620349
1643122320,36513.1,36548.2,36479.3,36479.3,36538.1,1.20962023,18,2022-01-25 14:52:00,44126.09925623901
1643122380,36450.0,36463.9,36371.5,36372.7,36431.5,3.55853484,73,2022-01-25 14:53:00,129433.520174868
1643122440,36371.4,36377.4,36320.4,36361.6,36342.5,2.77630540,70,2022-01-25 14:54:00,100950.90643264
1643122500,36361.4,36452.5,36361.4,36416.1,36407.0,0.07102035,13,2022-01-25 14:55:00,2586.284167635
1643122560,36415.6,36437.8,36383.8,36409.4,36402.6,2.52095155,28,2022-01-25 14:56:00,91786.33336457
1643122620,36449.9,36463.4,36332.0,36407.0,36366.3,54.49612594,71,2022-01-25 14:57:00,1984040.45709758
1643122680,36386.1,36386.1,36300.0,36300.1,36335.3,6.54147878,55,2022-01-25 14:58:00,237456.333861878
1643122740,36312.1,36326.1,36300.0,36300.1,36302.5,1.53206785,24,2022-01-25 14:59:00,55614.216161785
1643122800,36306.3,36459.2,36306.3,36348.3,36351.3,0.44913973,25,2022-01-25 15:00:00,16325.465647959001
1643122860,36344.9,36344.9,36132.0,36132.0,36174.8,10.96578957,113,2022-01-25 15:01:00,396215.90874324
1643122920,36130.4,36156.6,36000.4,36000.4,36048.2,11.20301149,90,2022-01-25 15:02:00,403312.894844596
1643122980,36000.5,36100.0,36000.4,36078.7,36074.5,5.17943345,59,2022-01-25 15:03:00,186867.225612515
1643123040,36086.9,36170.2,36072.1,36149.4,36113.4,11.42729870,65,2022-01-25 15:04:00,413089.99162578
1643123100,36136.6,36181.7,36127.9,36169.1,36164.5,1.38594069,14,2022-01-25 15:05:00,50128.227410679
1643123160,36172.7,36289.4,36101.9,36112.1,36243.2,56.77192032,97,2022-01-25 15:06:00,2050153.263787872
1643123220,36135.2,36196.9,36135.2,36162.5,36151.9,12.20058516,38,2022-01-25 15:07:00,441203.6608485
1643123280,36152.0,36211.5,36148.2,36211.5,36191.2,1.76424937,15,2022-01-25 15:08:00,63886.116061755
1643123340,36197.4,36250.0,36187.6,36250.0,36218.2,3.67998758,17,2022-01-25 15:09:00,133399.549775
1643123400,36228.1,36250.0,36201.9,36250.0,36224.0,0.40694330,16,2022-01-25 15:10:00,14751.694625
1643123460,36250.0,36250.0,36212.0,36220.0,36222.7,0.47555262,8,2022-01-25 15:11:00,17224.5158964
1643123520,36220.0,36220.0,36183.4,36219.9,36211.4,0.51562156,14,2022-01-25 15:12:00,18675.761341044003
1643123580,36219.9,36301.3,36219.9,36301.3,36222.1,16.37794014,66,2022-01-25 15:13:00,594540.518404182
1643123640,36306.8,36449.8,36306.8,36438.3,36373.7,1.27898205,37,2022-01-25 15:14:00,46603.93163251501
1643123700,36436.1,36436.1,36373.5,36378.6,36414.1,0.40653944,18,2022-01-25 15:15:00,14789.335671983998
1643123760,36373.5,36464.0,36373.5,36463.9,36448.5,1.04931111,22,2022-01-25 15:16:00,38261.975383929006
1643123820,36464.0,36487.7,36463.9,36474.0,36476.1,0.36612413,21,2022-01-25 15:17:00,13354.01151762
1643123880,36474.4,36538.0,36474.4,36538.0,36515.4,2.60665593,35,2022-01-25 15:18:00,95241.99437034
1643123940,36479.1,36516.0,36479.1,36495.6,36494.5,0.44431807,30,2022-01-25 15:19:00,16215.654555492
1643124000,36482.6,36482.6,36319.2,36338.0,36423.7,1.04490272,34,2022-01-25 15:20:00,37969.67503936
1643124060,36343.3,36349.0,36299.9,36349.0,36306.0,0.28528160,12,2022-01-25 15:21:00,10369.7008784
1643124120,36371.8,36378.8,36359.1,36360.6,36374.9,0.16260474,7,2022-01-25 15:22:00,5912.405909243999
1643124180,36362.7,36433.1,36362.7,36433.1,36369.5,0.19717685,9,2022-01-25 15:23:00,7183.763893734999
1643124240,36415.5,36415.5,36398.3,36398.3,36414.4,0.02407861,4,2022-01-25 15:24:00,876.420470363
1643124300,36381.9,36408.2,36362.7,36408.2,36382.2,0.10083620,20,2022-01-25 15:25:00,3671.26453684
1643124360,36445.2,36538.0,36445.2,36524.9,36508.4,3.55571684,84,2022-01-25 15:26:00,129872.20200931601
1643124420,36523.6,36547.0,36522.5,36535.9,36537.0,1.23887436,27,2022-01-25 15:27:00,45263.389729524
1643124480,36539.2,36592.6,36530.2,36592.6,36541.4,0.44724652,24,2022-01-25 15:28:00,16365.913007751999
1643124540,36596.9,36696.2,36596.9,36661.2,36683.3,11.75598683,62,2022-01-25 15:29:00,430988.58437199594
1643124600,36661.1,36661.1,36592.4,36633.2,36593.8,0.45886094,10,2022-01-25 15:30:00,16809.544587207998
1643124660,36611.3,36632.9,36602.0,36602.0,36628.3,0.27985202,13,2022-01-25 15:31:00,10243.143636039998
1643124720,36592.4,36592.5,36550.2,36562.7,36559.4,0.40733924,12,2022-01-25 15:32:00,14893.422430347999
1643124780,36563.3,36580.6,36550.6,36563.3,36565.5,0.27389885,17,2022-01-25 15:33:00,10014.645822205002
1643124840,36563.2,36587.0,36563.2,36584.0,36580.6,0.19175762,15,2022-01-25 15:34:00,7015.26077008
1643124900,36576.9,36703.9,36563.2,36628.8,36573.1,2.13473712,67,2022-01-25 15:35:00,78192.859021056
1643124960,36610.8,36632.5,36504.8,36531.2,36563.5,4.74001581,81,2022-01-25 15:36:00,173158.465558272
1643125020,36515.4,36515.4,36384.8,36390.5,36446.1,1.05317768,37,2022-01-25 15:37:00,38325.66236404
1643125080,36406.3,36444.7,36406.3,36429.7,36431.5,0.50141286,13,2022-01-25 15:38:00,18266.320065941996
1643125140,36429.7,36494.3,36412.9,36483.6,36442.6,6.31873737,28,2022-01-25 15:39:00,230530.286712132
1643125200,36504.2,36519.4,36489.1,36489.1,36513.0,0.02604857,6,2022-01-25 15:40:00,950.4888755869999
1643125260,36526.4,36526.4,36498.2,36501.8,36503.7,4.93477961,28,2022-01-25 15:41:00,180128.338368298
1643125320,36491.8,36563.0,36491.8,36517.8,36554.2,0.56084439,16,2022-01-25 15:42:00,20480.803265142
1643125380,36549.0,36599.7,36549.0,36567.1,36576.7,0.39111218,15,2022-01-25 15:43:00,14301.838197277999
1643125440,36563.2,36687.1,36563.2,36687.1,36597.2,3.37980606,27,2022-01-25 15:44:00,123995.282903826
1643125500,36703.9,36734.2,36691.4,36691.4,36706.8,2.24502383,33,2022-01-25 15:45:00,82373.067356062
1643125560,36690.5,36690.5,36589.7,36671.1,36619.7,17.00423088,64,2022-01-25 15:46:00,623563.8510235681
1643125620,36686.5,36724.7,36686.5,36702.2,36700.4,0.51128513,19,2022-01-25 15:47:00,18765.289098285997
1643125680,36683.0,36768.7,36683.0,36767.9,36719.9,4.88303876,40,2022-01-25 15:48:00,179539.080823804
1643125740,36768.8,36768.8,36736.5,36742.0,36741.1,0.20969956,7,2022-01-25 15:49:00,7704.781233520001
1643125800,36742.0,36742.0,36691.0,36691.0,36739.2,3.23541808,37,2022-01-25 15:50:00,118710.72477328
1643125860,36693.5,36741.9,36691.1,36730.7,36714.7,0.18069556,13,2022-01-25 15:51:00,6637.074405691999
1643125920,36709.6,36717.0,36705.0,36705.1,36710.1,0.09375945,6,2022-01-25 15:52:00,3441.4499881949996
1643125980,36705.0,36725.7,36615.9,36650.2,36664.7,2.29986496,25,2022-01-25 15:53:00,84290.510756992
1643126040,36713.6,36714.1,36642.3,36642.3,36704.8,0.30697250,8,2022-01-25 15:54:00,11248.17843675
1643126100,36662.3,36676.1,36600.0,36630.1,36662.8,2.63035690,23,2022-01-25 15:55:00,96350.23628269
1643126160,36642.7,36668.8,36635.6,36653.3,36652.6,1.37575221,11,2022-01-25 15:56:00,50425.858478793
1643126220,36650.0,36650.0,36649.9,36649.9,36649.9,1.16831105,15,2022-01-25 15:57:00,42818.483151395005
1643126280,36649.9,36649.9,36562.0,36565.7,36596.0,2.56082058,26,2022-01-25 15:58:00,93638.197082106
1643126340,36577.4,36578.2,36521.9,36565.5,36545.7,0.98371328,27,2022-01-25 15:59:00,35969.967939840004
1643126400,36565.6,36602.5,36541.6,36591.8,36586.4,3.61625907,37,2022-01-25 16:00:00,132325.428637626
1643126460,36593.0,36609.6,36575.5,36581.2,36597.1,0.51081741,11,2022-01-25 16:01:00,18686.313838692
1643126520,36575.5,36633.2,36575.5,36595.6,36615.9,0.36211515,21,2022-01-25 16:02:00,13251.82118334
1643126580,36575.5,36623.3,36575.5,36623.3,36595.4,0.36832464,13,2022-01-25 16:03:00,13489.263788112
1643126640,36623.3,36693.9,36623.3,36693.9,36657.5,0.37717424,16,2022-01-25 16:04:00,13839.993845136
1643126700,36715.1,36742.0,36712.4,36721.9,36725.0,0.15280175,12,2022-01-25 16:05:00,5611.170583325
1643126760,36705.4,36708.0,36640.0,36640.0,36694.4,0.71873205,20,2022-01-25 16:06:00,26334.342311999997
1643126820,36640.0,36640.0,36591.7,36591.7,36634.7,0.15660104,21,2022-01-25 16:07:00,5730.298275368
1643126880,36629.9,36629.9,36581.3,36597.8,36587.7,0.33807830,10,2022-01-25 16:08:00,12372.92200774
1643126940,36596.9,36642.3,36596.9,36638.2,36600.4,0.23679821,5,2022-01-25 16:09:00,8675.860177622
1643127000,36664.7,36742.0,36664.7,36711.6,36705.4,3.27104549,37,2022-01-25 16:10:00,120085.313610684
1643127060,36714.9,36729.0,36634.1,36670.0,36667.9,0.49942177,17,2022-01-25 16:11:00,18313.7963059
1643127120,36687.1,36687.1,36623.3,36637.9,36631.2,0.71100012,13,2022-01-25 16:12:00,26049.551296548
1643127180,36638.0,36653.6,36603.2,36610.3,36632.2,0.14892394,16,2022-01-25 16:13:00,5452.150120582
1643127240,36610.2,36630.6,36608.3,36627.5,36616.3,0.40487722,15,2022-01-25 16:14:00,14829.64037555
1643127300,36630.6,36645.5,36608.3,36612.1,36612.8,1.11223564,24,2022-01-25 16:15:00,40721.282475244
1643127360,36645.6,36773.8,36645.6,36722.1,36723.8,1.58406381,34,2022-01-25 16:16:00,58170.14963720099
1643127420,36722.2,36793.2,36712.9,36780.3,36725.3,1.00833033,21,2022-01-25 16:17:00,37086.692036499
1643127480,36774.0,36831.8,36766.9,36797.8,36800.1,1.61230147,28,2022-01-25 16:18:00,59329.147032766006
1643127540,36826.5,36848.4,36824.1,36848.4,36829.7,5.02537722,14,2022-01-25 16:19:00,185177.109953448
1643127600,36848.4,36928.4,36848.4,36883.8,36910.4,5.72360176,37,2022-01-25 16:20:00,211108.18259548803
1643127660,36874.1,36910.5,36849.8,36910.5,36859.4,0.73047120,14,2022-01-25 16:21:00,26962.0572276
1643127720,36865.3,36875.0,36858.6,36863.8,36868.7,0.20643591,9,2022-01-25 16:22:00,7610.012099058001
1643127780,36863.7,36872.6,36849.7,36872.6,36863.9,0.06086939,11,2022-01-25 16:23:00,2244.412669714
1643127840,36868.2,36868.2,36848.3,36858.6,36863.0,3.27269762,21,2022-01-25 16:24:00,120627.05249653201
1643127900,36861.9,36882.3,36831.9,36832.0,36858.6,1.86459593,30,2022-01-25 16:25:00,68676.79729376
1643127960,36832.0,36889.1,36821.6,36889.1,36845.8,0.50756195,17,2022-01-25 16:26:00,18723.503529745
1643128020,36853.4,36853.4,36791.5,36792.0,36794.7,0.54423865,10,2022-01-25 16:27:00,20023.6284108
1643128080,36783.9,36793.1,36768.3,36793.1,36789.4,1.02897530,7,2022-01-25 16:28:00,37859.191110429994
1643128140,36786.6,36829.4,36786.6,36816.2,36806.3,0.03390611,4,2022-01-25 16:29:00,1248.294126982
1643128200,36810.3,36813.0,36759.0,36796.1,36798.7,0.05591910,12,2022-01-25 16:30:00,2057.60479551
1643128260,36804.4,36867.6,36788.0,36788.0,36800.5,0.59813631,17,2022-01-25 16:31:00,22004.23857228
1643128320,36770.9,36802.9,36770.9,36802.5,36797.9,0.43058982,14,2022-01-25 16:32:00,15846.78185055
1643128380,36817.9,36818.0,36808.7,36818.0,36815.9,0.07182676,9,2022-01-25 16:33:00,2644.51764968
1643128440,36810.5,36816.4,36810.0,36810.0,36810.5,0.32703718,11,2022-01-25 16:34:00,12038.2385958
1643128500,36810.1,36818.0,36791.7,36791.7,36808.4,7.23762637,39,2022-01-25 16:35:00,266284.578117129
1643128560,36786.6,36786.6,36750.1,36769.6,36755.4,1.40194345,18,2022-01-25 16:36:00,51548.89987912
1643128620,36764.1,36789.6,36750.1,36750.1,36766.3,2.21261007,22,2022-01-25 16:37:00,81313.64133350701
1643128680,36750.0,36750.0,36731.2,36731.2,36742.4,1.50805906,12,2022-01-25 16:38:00,55392.81894467199
1643128740,36735.1,36735.1,36723.7,36723.7,36724.2,0.22214420,18,2022-01-25 16:39:00,8157.95695754
1643128800,36723.8,36723.8,36705.1,36723.8,36714.0,0.54848939,15,2022-01-25 16:40:00,20142.614660482
1643128860,36723.8,36793.6,36723.7,36793.6,36780.9,1.12405623,17,2022-01-25 16:41:00,41358.075304128004
1643128920,36801.4,36804.2,36774.0,36798.1,36795.4,0.22279014,11,2022-01-25 16:42:00,8198.253850734
1643128980,36799.4,36831.0,36791.9,36831.0,36815.4,2.40240576,25,2022-01-25 16:43:00,88483.00654656
1643129040,36855.9,36899.0,36855.9,36887.5,36884.2,1.67726744,13,2022-01-25 16:44:00,61870.202693
1643129100,36899.1,36950.0,36899.1,36950.0,36946.8,6.26173235,39,2022-01-25 16:45:00,231371.0103325
1643129160,36949.2,36993.5,36949.1,36990.9,36969.1,2.92674275,28,2022-01-25 16:46:00,108262.84839097499
1643129220,36990.8,36990.8,36950.6,36950.6,36971.7,2.85057687,34,2022-01-25 16:47:00,105330.52569262199
1643129280,36958.2,36971.9,36938.2,36970.8,36956.6,0.52769259,18,2022-01-25 16:48:00,19509.217206372003
1643129340,36987.3,36987.3,36945.1,36954.9,36948.6,0.04870904,6,2022-01-25 16:49:00,1800.0377022960001
1643129400,36952.8,36995.4,36946.8,36995.4,36973.5,0.80106642,33,2022-01-25 16:50:00,29635.772634467998
1643129460,36995.4,37031.9,36995.4,37031.9,37003.1,1.71369421,41,2022-01-25 16:51:00,63461.35261529901
1643129520,37030.8,37041.6,37022.3,37035.9,37033.9,0.09125344,14,2022-01-25 16:52:00,3379.6532784960004
1643129580,37035.9,37035.9,37020.4,37025.9,37022.3,3.89401749,23,2022-01-25 16:53:00,144179.502182991
1643129640,37029.3,37048.0,37029.3,37047.9,37044.9,1.76664768,22,2022-01-25 16:54:00,65450.586583872
1643129700,37034.0,37083.5,37029.5,37048.0,37058.3,2.17413635,35,2022-01-25 16:55:00,80547.4034948
1643129760,37048.0,37048.0,37000.1,37000.1,37044.8,2.05225808,21,2022-01-25 16:56:00,75933.75418580801
1643129820,37015.7,37015.7,36855.0,36900.1,36929.8,3.65701785,32,2022-01-25 16:57:00,134944.324366785
1643129880,36891.1,36923.9,36869.1,36904.3,36886.9,1.12173887,20,2022-01-25 16:58:00,41396.987780141004
1643129940,36898.0,36898.2,36801.8,36856.8,36833.3,51.52732883,78,2022-01-25 16:59:00,1899132.4532215442
1643130000,36856.8,36901.0,36817.8,36898.0,36871.9,0.37312941,24,2022-01-25 17:00:00,13767.72897018
1643130060,36889.8,36903.1,36879.8,36903.1,36902.6,2.44834394,15,2022-01-25 17:01:00,90351.481252214
1643130120,36903.1,36926.2,36903.1,36910.8,36911.6,10.04479511,31,2022-01-25 17:02:00,370761.42334618804
1643130180,36910.7,36940.6,36896.5,36940.6,36906.2,1.38985456,18,2022-01-25 17:03:00,51342.061359136
1643130240,36939.0,37070.5,36939.0,37039.0,37039.4,50.30380771,81,2022-01-25 17:04:00,1863202.73377069
1643130300,37035.0,37156.5,37035.0,37134.9,37140.1,12.60250078,100,2022-01-25 17:05:00,467992.606215222
1643130360,37163.1,37175.3,37158.0,37164.0,37166.8,0.37348519,18,2022-01-25 17:06:00,13880.203601160001
1643130420,37149.0,37163.6,37096.3,37118.8,37110.7,4.07155500,33,2022-01-25 17:07:00,151131.23573400002
1643130480,37127.7,37163.6,37125.0,37150.5,37149.4,1.21509808,11,2022-01-25 17:08:00,45141.50122104
1643130540,37155.6,37155.6,37092.6,37110.5,37134.7,0.37657264,16,2022-01-25 17:09:00,13974.79895672
1643130600,37086.6,37086.6,37048.1,37082.2,37056.3,2.13889860,18,2022-01-25 17:10:00,79315.06566492
1643130660,37085.0,37085.0,37046.0,37046.0,37058.2,0.03358727,5,2022-01-25 17:11:00,1244.27400442
1643130720,37056.0,37085.0,37056.0,37059.3,37062.9,0.08522936,10,2022-01-25 17:12:00,3158.5404210480006
1643130780,37059.3,37159.4,37059.3,37159.4,37153.1,1.42543007,16,2022-01-25 17:13:00,52968.126143158
1643130840,37162.9,37245.9,37156.6,37238.5,37189.2,6.07160302,59,2022-01-25 17:14:00,226097.38906027
1643130900,37246.0,37283.3,37241.2,37257.6,37255.3,1.94521556,52,2022-01-25 17:15:00,72474.063248256
1643130960,37257.6,37257.6,37155.2,37155.2,37199.8,51.22784060,119,2022-01-25 17:16:00,1903380.6630611198
1643131020,37176.7,37212.9,37176.7,37212.9,37186.6,2.84637172,11,2022-01-25 17:17:00,105921.746179188
1643131080,37201.3,37220.6,37173.9,37195.4,37210.2,0.50939681,19,2022-01-25 17:18:00,18947.218106674
1643131140,37200.0,37272.3,37200.0,37259.1,37226.5,0.80808109,17,2022-01-25 17:19:00,30108.374140418997
1643131200,37283.3,37405.6,37283.3,37385.2,37360.2,5.35591540,77,2022-01-25 17:20:00,200231.96841207996
1643131260,37391.6,37477.2,37359.5,37464.4,37401.5,1.05950070,56,2022-01-25 17:21:00,39693.558025080005
1643131320,37464.4,37533.5,37430.9,37494.7,37499.3,53.77966961,131,2022-01-25 17:22:00,2016452.5781260668
1643131380,37466.6,37478.0,37440.0,37440.0,37469.8,15.15093618,39,2022-01-25 17:23:00,567251.0505792
1643131440,37450.5,37462.0,37440.0,37440.0,37446.0,1.53504982,30,2022-01-25 17:24:00,57472.2652608
1643131500,37433.9,37439.6,37358.9,37358.9,37384.9,50.58235836,76,2022-01-25 17:25:00,1889701.2677354042
1643131560,37410.7,37410.7,37335.6,37357.7,37356.8,7.29764207,34,2022-01-25 17:26:00,272623.123158439
1643131620,37365.4,37367.3,37317.7,37325.5,37356.5,3.51099777,22,2022-01-25 17:27:00,131049.747264135
1643131680,37344.7,37352.4,37320.0,37320.1,37337.6,0.85410625,15,2022-01-25 17:28:00,31875.330660624997
1643131740,37320.1,37358.1,37320.1,37358.0,37345.7,0.95794156,25,2022-01-25 17:29:00,35786.78079848
1643131800,37358.1,37358.1,37273.6,37310.2,37305.9,4.29939135,30,2022-01-25 17:30:00,160411.15114676996
1643131860,37268.8,37295.4,37212.1,37217.8,37272.3,9.94685260,34,2022-01-25 17:31:00,370199.97069628
1643131920,37230.0,37239.2,37183.9,37194.6,37210.8,0.90256187,32,2022-01-25 17:32:00,33570.427729901996
1643131980,37204.0,37225.8,37200.2,37203.4,37221.1,0.24576622,12,2022-01-25 17:33:00,9143.338989148
1643132040,37203.9,37239.8,37200.8,37232.5,37218.2,0.24110185,20,2022-01-25 17:34:00,8976.824630125
1643132100,37238.1,37275.3,37238.1,37255.7,37249.5,0.99539848,17,2022-01-25 17:35:00,37084.267151336
1643132160,37257.6,37264.6,37255.6,37259.4,37259.3,0.45204944,14,2022-01-25 17:36:00,16843.090904736
1643132220,37255.7,37284.5,37255.6,37255.7,37266.3,0.84128752,26,2022-01-25 17:37:00,31342.755458863994
1643132280,37255.7,37289.2,37255.6,37264.3,37264.1,1.63422423,29,2022-01-25 17:38:00,60898.221973989006
1643132340,37264.3,37264.3,37208.6,37208.6,37222.9,2.81664895,19,2022-01-25 17:39:00,104803.56412096998
1643132400,37209.3,37244.4,37207.9,37243.0,37211.4,0.85044398,14,2022-01-25 17:40:00,31673.08514714
1643132460,37289.8,37289.8,37258.2,37263.2,37268.2,0.07691011,14,2022-01-25 17:41:00,2865.916810952
1643132520,37254.1,37257.9,37192.1,37223.5,37218.5,9.04476906,42,2022-01-25 17:42:00,336677.96110491
1643132580,37232.5,37274.3,37232.5,37264.5,37260.7,0.35271268,16,2022-01-25 17:43:00,13143.66166386
1643132640,37274.5,37430.0,37267.1,37430.0,37374.1,7.31064687,47,2022-01-25 17:44:00,273637.5123441
1643132700,37429.9,37500.0,37422.9,37450.4,37462.8,4.20964268,54,2022-01-25 17:45:00,157652.802223072
1643132760,37448.3,37448.3,37396.0,37399.9,37412.4,2.91199200,32,2022-01-25 17:46:00,108908.20960080001
1643132820,37399.9,37399.9,37265.3,37281.3,37304.4,6.91899987,54,2022-01-25 17:47:00,257949.30985343104
1643132880,37271.5,37271.8,37188.7,37188.7,37241.9,1.25261362,40,2022-01-25 17:48:00,46583.072130094
1643132940,37209.8,37213.0,37203.7,37207.1,37207.6,0.46963817,11,2022-01-25 17:49:00,17473.874355007
1643133000,37207.1,37255.1,37207.0,37255.1,37236.7,1.45209586,21,2022-01-25 17:50:00,54097.976473885996
1643133060,37240.3,37240.3,37143.4,37169.2,37185.9,1.95029297,37,2022-01-25 17:51:00,72490.829460524
1643133120,37161.4,37258.7,37161.4,37242.2,37236.9,1.45008997,22,2022-01-25 17:52:00,54004.540680734
1643133180,37243.9,37256.4,37230.8,37256.4,37239.8,0.21805776,8,2022-01-25 17:53:00,8124.047129664
1643133240,37234.8,37238.1,37221.6,37224.9,37228.4,0.07137678,12,2022-01-25 17:54:00,2656.9934978220003
1643133300,37217.0,37217.0,37142.3,37151.1,37183.7,0.61612009,28,2022-01-25 17:55:00,22889.539075599
1643133360,37151.0,37151.1,37115.1,37115.2,37143.5,1.54515405,30,2022-01-25 17:56:00,57348.70159656
1643133420,37128.5,37142.3,37128.5,37142.3,37142.2,0.11801780,7,2022-01-25 17:57:00,4383.45253294
1643133480,37142.3,37204.0,37142.3,37199.2,37154.6,2.06153438,17,2022-01-25 17:58:00,76687.42970849598
1643133540,37177.4,37305.0,37177.4,37305.0,37243.7,1.14771047,23,2022-01-25 17:59:00,42815.33908335
1643133600,37278.7,37278.7,37261.4,37261.4,37263.3,1.13979387,29,2022-01-25 18:00:00,42470.315307618
1643133660,37261.4,37261.4,37197.2,37203.4,37217.1,3.40012329,30,2022-01-25 18:01:00,126496.146807186
1643133720,37203.4,37207.9,37175.5,37202.7,37176.1,4.26127468,23,2022-01-25 18:02:00,158530.92353763597
1643133780,37207.8,37207.8,37175.5,37194.8,37206.5,0.86922492,8,2022-01-25 18:03:00,32330.647054416
1643133840,37203.3,37247.5,37203.3,37247.5,37238.1,1.44229215,13,2022-01-25 18:04:00,53721.776857125005
1643133900,37223.5,37233.0,37180.3,37186.7,37193.7,0.44115956,22,2022-01-25 18:05:00,16405.268209851998
1643133960,37200.1,37202.2,37200.1,37202.2,37200.5,0.03838199,2,2022-01-25 18:06:00,1427.8944683779998
1643134020,37234.7,37243.0,37175.6,37179.0,37230.2,0.30071618,12,2022-01-25 18:07:00,11180.32685622
1643134080,37178.5,37201.4,37175.5,37175.6,37176.0,0.56677781,18,2022-01-25 18:08:00,21070.305153436002
1643134140,37175.6,37208.0,37175.5,37197.1,37179.3,0.35411376,11,2022-01-25 18:09:00,13172.004942096
1643134200,37207.6,37208.0,37207.6,37208.0,37207.7,0.22301757,8,2022-01-25 18:10:00,8298.03774456
1643134260,37207.9,37208.0,37207.9,37208.0,37207.9,0.44334842,9,2022-01-25 18:11:00,16496.10801136
1643134320,37207.9,37291.3,37207.9,37290.1,37220.0,2.80304028,25,2022-01-25 18:12:00,104525.652345228
1643134380,37290.1,37300.1,37269.8,37296.5,37283.3,1.44889985,24,2022-01-25 18:13:00,54038.89325552501
1643134440,37300.1,37300.1,37289.1,37296.0,37297.5,0.25993001,14,2022-01-25 18:14:00,9694.34965296
1643134500,37284.8,37347.8,37284.8,37321.5,37313.2,3.48145315,31,2022-01-25 18:15:00,129933.053737725
1643134560,37329.6,37376.5,37329.6,37366.2,37363.3,1.78175258,22,2022-01-25 18:16:00,66577.32325479599
1643134620,37354.7,37387.2,37354.7,37385.8,37383.8,0.63084558,12,2022-01-25 18:17:00,23584.666684764
1643134680,37379.3,37379.3,37375.0,37375.1,37377.2,0.08453797,12,2022-01-25 18:18:00,3159.615082547
1643134740,37375.1,37385.4,37375.0,37375.0,37375.7,0.24112866,18,2022-01-25 18:19:00,9012.1836675
1643134800,37375.1,37380.9,37328.5,37332.1,37367.0,0.88500119,27,2022-01-25 18:20:00,33038.952925198995
1643134860,37344.2,37361.0,37333.3,37357.0,37344.2,1.22334401,15,2022-01-25 18:21:00,45700.462181569994
1643134920,37357.1,37394.9,37357.1,37389.7,37389.9,0.18982825,8,2022-01-25 18:22:00,7097.621319025
1643134980,37389.7,37389.7,37372.7,37380.5,37388.8,1.06283147,11,2022-01-25 18:23:00,39729.171764335
1643135040,37372.8,37392.1,37372.8,37392.1,37373.1,0.77398021,12,2022-01-25 18:24:00,28940.745410341
1643135100,37388.9,37463.8,37385.9,37460.6,37454.2,3.26675271,38,2022-01-25 18:25:00,122374.516568226
1643135160,37451.2,37492.0,37451.2,37492.0,37470.8,0.53483081,17,2022-01-25 18:26:00,20051.87672852
1643135220,37499.4,37552.8,37491.1,37491.1,37534.4,3.01272272,76,2022-01-25 18:27:00,112950.28876779201
1643135280,37467.2,37485.0,37418.7,37485.0,37451.4,0.76333156,36,2022-01-25 18:28:00,28613.4835266
1643135340,37499.9,37500.0,37455.5,37462.0,37488.7,1.46293084,13,2022-01-25 18:29:00,54804.31512808
1643135400,37449.4,37449.4,37408.2,37442.8,37413.6,0.09027103,15,2022-01-25 18:30:00,3380.0001220840004
1643135460,37450.0,37485.6,37449.9,37478.4,37466.1,2.17152438,10,2022-01-25 18:31:00,81385.259323392
1643135520,37478.1,37484.5,37453.9,37484.5,37479.2,1.14656073,10,2022-01-25 18:32:00,42978.255683685
1643135580,37500.0,37533.8,37500.0,37502.7,37528.8,43.80546602,76,2022-01-25 18:33:00,1642823.2505082537
1643135640,37488.1,37492.4,37452.5,37452.7,37484.4,0.08418606,7,2022-01-25 18:34:00,3152.9952493619994
1643135700,37452.7,37452.7,37407.8,37408.2,37421.4,0.21093465,15,2022-01-25 18:35:00,7890.68557413
1643135760,37408.2,37430.7,37395.3,37428.5,37403.4,0.93115495,14,2022-01-25 18:36:00,34851.733046075
1643135820,37419.7,37419.7,37386.2,37405.4,37407.9,0.18680666,9,2022-01-25 18:37:00,6987.577839964001
1643135880,37409.4,37419.7,37399.2,37401.3,37402.7,0.49284899,15,2022-01-25 18:38:00,18433.192929687
1643135940,37417.7,37419.7,37417.7,37419.6,37419.6,0.08965201,7,2022-01-25 18:39:00,3354.742353396
1643136000,37406.9,37406.9,37362.6,37367.5,37382.1,5.84611730,28,2022-01-25 18:40:00,218454.78820775
1643136060,37377.6,37382.2,37336.1,37359.1,37341.0,1.37836521,27,2022-01-25 18:41:00,51494.483716910996
1643136120,37344.4,37344.7,37317.8,37321.5,37328.4,0.37426363,12,2022-01-25 18:42:00,13968.080067045
1643136180,37326.2,37332.7,37320.1,37331.2,37324.2,0.09025321,11,2022-01-25 18:43:00,3369.2606331519996
1643136240,37326.2,37328.6,37308.2,37308.2,37315.1,0.86569192,17,2022-01-25 18:44:00,32297.407289743995
1643136300,37319.1,37344.2,37319.1,37337.1,37325.1,0.50952607,15,2022-01-25 18:45:00,19024.225828197003
1643136360,37337.1,37337.1,37319.1,37319.1,37334.1,0.43849056,19,2022-01-25 18:46:00,16364.073057695998
1643136420,37319.2,37333.0,37319.2,37332.9,37332.6,0.77991371,8,2022-01-25 18:47:00,29116.440544059
1643136480,37332.9,37367.0,37321.2,37342.4,37349.0,2.08266235,31,2022-01-25 18:48:00,77771.61053864
1643136540,37342.4,37375.4,37342.3,37375.4,37345.3,0.33534336,18,2022-01-25 18:49:00,12533.592217344
1643136600,37364.8,37386.9,37364.8,37386.9,37382.2,0.59132533,8,2022-01-25 18:50:00,22107.820980177
1643136660,37384.7,37394.2,37380.9,37390.2,37390.2,2.01056672,17,2022-01-25 18:51:00,75175.49177414399
1643136720,37390.0,37400.1,37390.0,37398.5,37397.8,1.11765361,10,2022-01-25 18:52:00,41798.568533585
1643136780,37397.6,37397.7,37380.9,37380.9,37382.5,0.28249649,13,2022-01-25 18:53:00,10559.973043041
1643136840,37376.0,37376.0,37375.9,37376.0,37375.9,0.04447563,7,2022-01-25 18:54:00,1662.32114688
1643136900,37376.0,37376.1,37319.6,37323.2,37363.2,1.62067507,35,2022-01-25 18:55:00,60488.779772624
1643136960,37328.2,37328.2,37319.8,37320.5,37325.5,0.10250441,14,2022-01-25 18:56:00,3825.515833405
1643137020,37321.4,37343.4,37321.4,37343.4,37331.9,0.52516790,9,2022-01-25 18:57:00,19611.55495686
1643137080,37343.4,37356.3,37289.2,37346.6,37314.8,6.44139096,40,2022-01-25 18:58:00,240564.05162673598
1643137140,37356.3,37378.4,37352.8,37359.3,37361.9,0.12408017,11,2022-01-25 18:59:00,4635.548295081
1643137200,37359.3,37359.3,37299.4,37356.0,37338.0,1.35790055,35,2022-01-25 19:00:00,50725.7329458
1643137260,37353.5,37359.2,37275.8,37282.5,37296.6,7.39877977,38,2022-01-25 19:01:00,275845.006775025
1643137320,37285.7,37300.9,37284.4,37296.1,37291.3,0.08502637,8,2022-01-25 19:02:00,3171.151998157
1643137380,37296.1,37296.1,37244.8,37253.8,37273.8,0.68385670,22,2022-01-25 19:03:00,25476.260730460002
1643137440,37249.9,37250.0,37249.9,37250.0,37249.9,0.41438693,8,2022-01-25 19:04:00,15435.9131425
1643137500,37247.4,37247.4,37200.0,37200.0,37219.2,0.93892862,15,2022-01-25 19:05:00,34928.144664
1643137560,37216.2,37218.0,37194.0,37194.9,37199.7,1.21617235,32,2022-01-25 19:06:00,45235.408941015
1643137620,37194.9,37195.0,37194.9,37194.9,37194.9,2.46791381,27,2022-01-25 19:07:00,91793.80737156901
1643137680,37195.0,37251.4,37195.0,37251.4,37229.5,0.40432500,19,2022-01-25 19:08:00,15061.672305
1643137740,37265.0,37265.0,37208.5,37218.7,37239.8,5.88263426,11,2022-01-25 19:09:00,218943.99973266196
1643137800,37213.8,37219.4,37211.8,37219.4,37214.9,0.32950490,12,2022-01-25 19:10:00,12263.97467506
1643137860,37238.7,37284.2,37238.7,37284.2,37269.9,0.11866489,9,2022-01-25 19:11:00,4424.325491737999
1643137920,37274.6,37300.0,37274.6,37300.0,37298.7,0.23771597,10,2022-01-25 19:12:00,8866.805681
1643137980,37300.0,37339.8,37300.0,37339.7,37331.7,0.29537647,8,2022-01-25 19:13:00,11029.268776858999
1643138040,37308.6,37466.9,37308.6,37399.2,37398.2,155.70766746,332,2022-01-25 19:14:00,5823342.196870032
1643138100,37403.9,37446.0,37403.9,37443.6,37406.3,1.23514803,18,2022-01-25 19:15:00,46248.388776108
1643138160,37444.3,37444.3,37410.0,37425.2,37434.3,1.02395367,39,2022-01-25 19:16:00,38321.670890484
1643138220,37424.5,37424.5,37408.8,37408.8,37419.4,0.05725728,11,2022-01-25 19:17:00,2141.9261360640003
1643138280,37414.6,37414.6,37408.8,37408.8,37409.5,0.02482969,4,2022-01-25 19:18:00,928.8489072720001
1643138340,37408.8,37408.8,37408.7,37408.8,37408.7,0.12906588,6,2022-01-25 19:19:00,4828.199691744
1643138400,37390.1,37390.1,37382.0,37382.0,37388.1,0.37497970,10,2022-01-25 19:20:00,14017.491145400001
1643138460,37381.9,37413.8,37379.8,37413.8,37380.4,0.86025397,25,2022-01-25 19:21:00,32185.369982786004
1643138520,37424.4,37424.4,37391.3,37391.3,37399.5,0.29147973,9,2022-01-25 19:22:00,10898.806028349001
1643138580,37387.0,37387.0,37368.3,37368.4,37372.4,0.19298431,7,2022-01-25 19:23:00,7211.514889804
1643138640,37368.4,37368.4,37300.1,37300.1,37356.8,2.68930828,27,2022-01-25 19:24:00,100311.467774828
1643138700,37300.1,37300.1,37246.3,37270.9,37285.3,0.82810931,14,2022-01-25 19:25:00,30864.379282079
1643138760,37251.7,37251.7,37211.7,37221.5,37224.0,0.29422448,26,2022-01-25 19:26:00,10951.47648232
1643138820,37230.9,37230.9,37207.1,37207.1,37218.3,0.09019781,8,2022-01-25 19:27:00,3355.998936451
1643138880,37211.7,37217.9,37200.0,37200.0,37205.1,1.39566323,35,2022-01-25 19:28:00,51918.672156
1643138940,37200.2,37208.3,37200.0,37200.0,37201.3,0.25624574,12,2022-01-25 19:29:00,9532.341528
1643139000,37204.2,37220.3,37204.2,37207.1,37211.5,1.41251400,14,2022-01-25 19:30:00,52555.549649399996
1643139060,37207.1,37207.1,37191.0,37191.0,37192.4,3.64431679,21,2022-01-25 19:31:00,135535.78573689
1643139120,37191.0,37191.0,37112.5,37112.5,37174.4,5.59416508,46,2022-01-25 19:32:00,207613.4515315
1643139180,37122.3,37163.0,37120.0,37120.0,37141.9,0.39757368,37,2022-01-25 19:33:00,14757.935001599999
1643139240,37120.1,37120.1,37033.8,37041.1,37070.0,1.32435931,79,2022-01-25 19:34:00,49055.72563764099
1643139300,37041.1,37061.6,37015.5,37017.4,37031.4,10.41528603,91,2022-01-25 19:35:00,385546.80908692203
1643139360,37016.2,37064.1,37014.1,37034.1,37049.6,0.56129669,68,2022-01-25 19:36:00,20787.117747129
1643139420,37024.8,37062.2,37000.0,37000.0,37019.8,1.36129481,80,2022-01-25 19:37:00,50367.90797
1643139480,37011.4,37017.0,36972.0,36972.0,36999.7,1.22179493,47,2022-01-25 19:38:00,45172.202151959995
1643139540,36972.1,37034.4,36972.1,37028.3,37029.8,10.70766059,16,2022-01-25 19:39:00,396486.468624697
1643139600,37028.3,37120.6,37028.3,37116.6,37106.4,0.92081919,23,2022-01-25 19:40:00,34177.677547554
1643139660,37128.2,37149.1,37118.9,37121.7,37129.2,0.32932260,18,2022-01-25 19:41:00,12225.01476042
1643139720,37124.6,37172.5,37124.6,37171.0,37168.8,0.49404623,14,2022-01-25 19:42:00,18364.19241533
1643139780,37171.0,37243.6,37165.9,37224.7,37206.4,2.88443094,40,2022-01-25 19:43:00,107372.076412218
1643139840,37227.5,37243.4,37227.2,37243.4,37227.4,0.46531519,23,2022-01-25 19:44:00,17329.919747246
1643139900,37231.8,37272.0,37231.8,37269.9,37265.9,1.46681027,37,2022-01-25 19:45:00,54667.87208187301
1643139960,37269.9,37269.9,37269.8,37269.9,37269.8,0.18171828,29,2022-01-25 19:46:00,6772.622123772001
1643140020,37269.9,37294.6,37269.8,37269.9,37283.2,0.98329755,60,2022-01-25 19:47:00,36647.401358745
1643140080,37269.9,37269.9,37199.9,37199.9,37232.4,0.38992257,20,2022-01-25 19:48:00,14505.080611743002
1643140140,37202.5,37219.9,37171.0,37171.0,37185.8,0.46758440,12,2022-01-25 19:49:00,17380.5797324
1643140200,37171.1,37233.9,37162.1,37233.9,37183.2,0.19506978,11,2022-01-25 19:50:00,7263.208681542
1643140260,37226.2,37229.8,37206.8,37212.8,37218.3,0.22913704,25,2022-01-25 19:51:00,8526.830842112
1643140320,37221.1,37221.2,37170.0,37203.3,37211.2,2.44680275,30,2022-01-25 19:52:00,91029.136749075
1643140380,37194.0,37194.0,37168.3,37174.2,37174.3,0.28793831,11,2022-01-25 19:53:00,10703.876323601999
1643140440,37180.2,37189.6,37166.2,37186.7,37168.9,0.58144728,16,2022-01-25 19:54:00,21622.105567176
1643140500,37185.2,37212.9,37162.0,37206.0,37187.6,0.34589985,24,2022-01-25 19:55:00,12869.5498191
1643140560,37205.3,37214.3,37203.1,37203.1,37206.8,0.34471788,18,2022-01-25 19:56:00,12824.573761427999
1643140620,37195.0,37209.8,37166.5,37195.0,37195.9,1.01244686,20,2022-01-25 19:57:00,37657.9609577
1643140680,37206.4,37208.7,37194.9,37194.9,37203.0,0.05232680,7,2022-01-25 19:58:00,1946.29009332
1643140740,37166.6,37166.6,37126.6,37126.6,37165.0,0.71041367,13,2022-01-25 19:59:00,26375.244160621998
1643140800,37126.5,37126.5,37093.8,37093.8,37096.4,0.04156859,7,2022-01-25 20:00:00,1541.9369637420002
1643140860,37093.8,37093.8,36992.9,36992.9,37012.5,15.18893647,87,2022-01-25 20:01:00,561882.807941063
1643140920,37027.7,37027.7,36977.1,36994.1,36995.5,3.02238558,26,2022-01-25 20:02:00,111810.434385078
1643140980,36996.3,36996.3,36986.2,36996.3,36990.2,0.23368180,10,2022-01-25 20:03:00,8645.36197734
1643141040,36987.4,37015.7,36985.5,36985.5,36997.3,0.26235468,10,2022-01-25 20:04:00,9703.31901714
1643141100,36985.7,36987.5,36926.6,36933.4,36948.5,3.16009329,38,2022-01-25 20:05:00,116712.989516886
1643141160,36946.7,36946.8,36856.2,36872.5,36881.5,8.04537098,80,2022-01-25 20:06:00,296652.94146005
1643141220,36858.7,36888.9,36835.0,36888.8,36855.5,7.74867737,57,2022-01-25 20:07:00,285839.40976645605
1643141280,36888.9,36935.4,36888.8,36888.8,36905.9,1.58236121,24,2022-01-25 20:08:00,58371.406203448
1643141340,36888.3,36893.2,36859.1,36864.2,36873.9,4.46195423,28,2022-01-25 20:09:00,164486.373125566
1643141400,36864.7,36888.8,36839.1,36885.1,36852.8,5.53901693,20,2022-01-25 20:10:00,204307.193364743
1643141460,36883.9,36906.9,36859.0,36863.9,36861.4,1.20425419,15,2022-01-25 20:11:00,44393.506034740996
1643141520,36863.9,36884.6,36859.1,36859.1,36878.5,4.04382558,14,2022-01-25 20:12:00,149051.771435778
1643141580,36859.1,36863.7,36844.2,36844.2,36853.8,2.11021214,19,2022-01-25 20:13:00,77749.078128588
1643141640,36863.7,36863.7,36862.9,36862.9,36863.6,7.08196496,13,2022-01-25 20:14:00,261061.766123984
1643141700,36862.9,36888.0,36862.9,36888.0,36875.7,5.98286919,31,2022-01-25 20:15:00,220696.07868071998
1643141760,36888.0,36888.0,36869.7,36887.9,36882.3,0.69575497,26,2022-01-25 20:16:00,25664.939757863
1643141820,36888.0,36904.8,36887.9,36904.2,36889.5,0.34760706,17,2022-01-25 20:17:00,12828.160463652
1643141880,36904.2,36904.2,36904.1,36904.1,36904.1,0.04014159,14,2022-01-25 20:18:00,1481.3892515189998
1643141940,36904.2,36904.2,36901.1,36901.1,36903.1,0.06985635,8,2022-01-25 20:19:00,2577.776156985
1643142000,36903.2,36983.8,36866.1,36974.7,36896.9,2.84264463,46,2022-01-25 20:20:00,105105.932400861
1643142060,36974.8,36991.7,36905.5,36915.8,36963.8,0.92119779,18,2022-01-25 20:21:00,34006.753376082
1643142120,36896.9,36897.6,36878.2,36897.6,36884.4,0.49184360,10,2022-01-25 20:22:00,18147.84841536
1643142180,36912.5,36912.5,36893.3,36893.4,36904.9,0.85008346,18,2022-01-25 20:23:00,31362.469123164003
1643142240,36893.4,36908.9,36835.4,36841.5,36886.7,1.19510081,16,2022-01-25 20:24:00,44029.306491615
1643142300,36835.1,36842.9,36807.0,36842.9,36829.0,4.35559987,33,2022-01-25 20:25:00,160472.930450423
1643142360,36842.9,36853.5,36842.7,36853.5,36843.7,1.41119348,18,2022-01-25 20:26:00,52007.418915179995
1643142420,36867.2,36882.9,36863.8,36878.3,36873.7,0.13051611,9,2022-01-25 20:27:00,4813.212259413
1643142480,36882.8,36882.8,36843.0,36843.1,36863.9,0.67247684,13,2022-01-25 20:28:00,24776.131463804
1643142540,36834.6,36844.5,36807.0,36807.0,36839.2,1.11466206,15,2022-01-25 20:29:00,41027.366442419996
1643142600,36807.0,36843.7,36706.9,36745.3,36795.4,58.67249615,98,2022-01-25 20:30:00,2155938.472780595
1643142660,36759.7,36782.8,36721.5,36728.7,36748.6,0.20719560,12,2022-01-25 20:31:00,7610.02503372
1643142720,36774.8,36774.8,36699.2,36710.0,36740.2,5.09245292,42,2022-01-25 20:32:00,186943.9466932
1643142780,36714.4,36714.4,36678.0,36681.9,36692.1,4.37520256,46,2022-01-25 20:33:00,160490.742785664
1643142840,36703.9,36723.9,36678.1,36690.9,36701.7,4.57113598,30,2022-01-25 20:34:00,167719.09312858203
1643142900,36708.1,36708.1,36669.9,36670.0,36679.4,53.98639633,52,2022-01-25 20:35:00,1979681.1534211
1643142960,36669.6,36669.7,36669.6,36669.6,36669.6,0.39351930,18,2022-01-25 20:36:00,14430.19532328
1643143020,36664.8,36776.8,36659.4,36776.8,36691.2,47.70002082,81,2022-01-25 20:37:00,1754254.1256929762
1643143080,36786.5,36881.1,36781.6,36881.1,36807.2,3.41059311,23,2022-01-25 20:38:00,125786.425549221
1643143140,36881.1,36949.2,36879.6,36909.7,36918.1,3.21799482,31,2022-01-25 20:39:00,118775.22340775399
1643143200,36908.5,36995.2,36908.5,36993.2,36981.2,2.19262863,35,2022-01-25 20:40:00,81112.349435316
1643143260,36986.8,36986.8,36919.4,36919.4,36937.5,2.00434705,27,2022-01-25 20:41:00,73999.29047777
1643143320,36919.3,36975.7,36919.3,36968.5,36930.2,2.63881141,26,2022-01-25 20:42:00,97552.89961058501
1643143380,36968.1,37101.5,36967.9,37091.7,36996.8,15.74648861,81,2022-01-25 20:43:00,584064.0315755369
1643143440,37099.0,37133.2,37047.5,37047.5,37084.8,3.70700230,32,2022-01-25 20:44:00,137335.16770925
1643143500,37047.5,37103.5,37047.5,37080.4,37080.9,5.08342567,50,2022-01-25 20:45:00,188495.45721386798
1643143560,37081.7,37081.7,37070.5,37073.5,37074.8,2.86902611,30,2022-01-25 20:46:00,106364.839489085
1643143620,37073.5,37073.5,37008.3,37008.3,37056.2,0.45285276,14,2022-01-25 20:47:00,16759.310797908
1643143680,37000.1,37000.1,36937.1,36940.7,36953.5,0.89914478,20,2022-01-25 20:48:00,33215.037574546
1643143740,36925.4,36937.0,36900.0,36902.4,36920.6,0.62939059,22,2022-01-25 20:49:00,23226.023308416
1643143800,36902.3,36929.2,36830.4,36929.2,36886.6,5.56836328,34,2022-01-25 20:50:00,205635.20123977598
1643143860,36922.8,36928.6,36891.1,36913.6,36921.5,0.20828017,10,2022-01-25 20:51:00,7688.370883311999
1643143920,36913.9,36949.8,36913.9,36928.4,36918.7,0.10034755,11,2022-01-25 20:52:00,3705.6744654199997
1643143980,36928.4,36928.4,36916.0,36916.1,36920.3,5.89008256,11,2022-01-25 20:53:00,217438.87679321598
1643144040,36916.1,36939.4,36861.1,36861.1,36910.4,14.73204131,33,2022-01-25 20:54:00,543039.247932041
1643144100,36864.4,36921.2,36827.5,36921.2,36841.0,13.75583539,57,2022-01-25 20:55:00,507881.94960126793
1643144160,36921.2,36957.3,36903.5,36935.2,36927.6,0.47746527,25,2022-01-25 20:56:00,17635.275240503997
1643144220,36898.7,36932.4,36881.3,36932.4,36894.1,1.51361811,15,2022-01-25 20:57:00,55901.549485764
1643144280,36897.2,36901.0,36875.8,36888.3,36889.0,0.12728141,11,2022-01-25 20:58:00,4695.194836503001
1643144340,36874.3,36888.3,36864.1,36866.8,36872.1,0.16250861,11,2022-01-25 20:59:00,5991.172423148
1643144400,36881.1,36904.8,36809.6,36809.6,36872.4,5.47615494,28,2022-01-25 21:00:00,201575.072879424
1643144460,36828.3,36880.2,36827.5,36832.6,36831.7,10.08458636,21,2022-01-25 21:01:00,371441.535563336
1643144520,36809.6,36809.6,36800.1,36800.3,36800.3,0.08228793,9,2022-01-25 21:02:00,3028.220510379
1643144580,36800.2,36800.2,36780.6,36780.6,36793.9,0.13138705,13,2022-01-25 21:03:00,4832.49453123
1643144640,36789.1,36796.5,36769.2,36783.1,36778.6,0.67088467,12,2022-01-25 21:04:00,24677.217905077
1643144700,36800.1,36801.9,36715.2,36715.2,36785.8,3.54529873,33,2022-01-25 21:05:00,130166.35193169599
1643144760,36715.2,36715.2,36670.1,36670.1,36713.4,2.33795510,38,2022-01-25 21:06:00,85733.04731251
1643144820,36665.8,36669.2,36665.8,36666.3,36669.0,2.26038230,9,2022-01-25 21:07:00,82879.85552649
1643144880,36666.4,36699.9,36666.3,36666.3,36666.7,7.00288990,37,2022-01-25 21:08:00,256770.06194037
1643144940,36666.3,36666.4,36666.3,36666.4,36666.3,0.75568644,15,2022-01-25 21:09:00,27708.301283615998
1643145000,36666.7,36666.7,36659.3,36659.4,36663.4,3.60638036,22,2022-01-25 21:10:00,132207.74016938402
1643145060,36677.5,36728.8,36677.5,36728.8,36697.4,1.94332905,24,2022-01-25 21:11:00,71376.14401164
1643145120,36715.1,36722.8,36715.0,36722.8,36715.9,1.68736181,13,2022-01-25 21:12:00,61964.65027626801
1643145180,36721.2,36763.0,36721.2,36736.7,36737.6,0.06105903,8,2022-01-25 21:13:00,2243.1072674009997
1643145240,36743.9,36743.9,36735.1,36735.9,36737.7,0.26433602,13,2022-01-25 21:14:00,9710.621597118
1643145300,36739.8,36747.4,36735.0,36735.0,36740.6,0.09045236,12,2022-01-25 21:15:00,3322.7674445999996
1643145360,36727.6,36727.6,36700.0,36700.1,36705.7,1.41193861,24,2022-01-25 21:16:00,51818.288180861
1643145420,36716.4,36726.8,36700.0,36700.1,36712.4,0.16528921,12,2022-01-25 21:17:00,6066.130535920999
1643145480,36700.1,36700.1,36659.3,36659.4,36695.4,1.03714592,23,2022-01-25 21:18:00,38021.147139648
1643145540,36659.4,36659.4,36611.0,36611.1,36622.5,2.49415862,37,2022-01-25 21:19:00,91313.89065268199
1643145600,36611.1,36647.6,36611.1,36623.3,36627.2,0.19370614,13,2022-01-25 21:20:00,7094.158077062
1643145660,36634.7,36634.8,36619.6,36619.6,36630.1,1.61708808,13,2022-01-25 21:21:00,59217.118654368
1643145720,36625.6,36632.2,36625.6,36632.2,36631.2,0.06914302,6,2022-01-25 21:22:00,2532.8609372439996
1643145780,36632.2,36632.2,36626.9,36626.9,36630.7,1.10845109,13,2022-01-25 21:23:00,40599.127228321
1643145840,36626.9,36637.9,36611.0,36624.4,36617.2,3.44108181,20,2022-01-25 21:24:00,126027.55664216401
1643145900,36624.7,36634.8,36611.1,36611.1,36629.2,1.24646634,19,2022-01-25 21:25:00,45634.503820374
1643145960,36611.1,36611.1,36600.0,36600.1,36608.1,4.04681907,38,2022-01-25 21:26:00,148113.982643907
1643146020,36600.0,36600.1,36565.0,36565.1,36594.6,1.98238000,29,2022-01-25 21:27:00,72485.922938
1643146080,36573.0,36580.0,36536.5,36542.1,36550.4,2.97698808,33,2022-01-25 21:28:00,108785.39611816799
1643146140,36541.8,36566.9,36541.8,36566.9,36564.6,1.05397817,7,2022-01-25 21:29:00,38540.714344572996
1643146200,36566.1,36621.2,36564.2,36620.5,36606.0,11.45406657,36,2022-01-25 21:30:00,419453.644826685
1643146260,36604.0,36620.2,36602.8,36613.4,36610.3,0.08427617,11,2022-01-25 21:31:00,3085.637122678
1643146320,36610.2,36610.2,36538.1,36539.2,36550.0,10.39701546,27,2022-01-25 21:32:00,379898.627296032
1643146380,36548.6,36548.6,36534.0,36541.6,36538.3,2.31724913,23,2022-01-25 21:33:00,84675.990808808
1643146440,36541.6,36553.6,36530.0,36531.8,36538.2,0.31451869,25,2022-01-25 21:34:00,11489.933879342001
1643146500,36530.1,36530.1,36464.7,36464.7,36517.5,14.52117432,82,2022-01-25 21:35:00,529510.265226504
1643146560,36464.7,36486.6,36464.6,36464.6,36469.5,1.24717544,24,2022-01-25 21:36:00,45477.75354942399
1643146620,36464.7,36577.9,36464.7,36551.4,36528.9,1.62380852,28,2022-01-25 21:37:00,59352.47473792801
1643146680,36551.4,36595.4,36551.3,36595.4,36565.7,1.22130585,13,2022-01-25 21:38:00,44694.17610309
1643146740,36595.6,36599.3,36555.3,36555.3,36578.4,0.13930436,5,2022-01-25 21:39:00,5092.312671108
1643146800,36553.5,36610.6,36553.5,36610.6,36574.3,5.45018943,30,2022-01-25 21:40:00,199534.705145958
1643146860,36584.4,36584.4,36564.7,36569.8,36567.1,0.15474103,5,2022-01-25 21:41:00,5658.848518894
1643146920,36570.9,36605.7,36570.9,36603.8,36582.1,1.20109846,15,2022-01-25 21:42:00,43964.767810148005
1643146980,36596.9,36596.9,36551.3,36551.3,36584.5,3.23098141,16,2022-01-25 21:43:00,118096.57081133302
1643147040,36548.7,36548.7,36540.1,36543.4,36547.3,0.15047968,8,2022-01-25 21:44:00,5499.039138112001
1643147100,36540.1,36590.5,36535.3,36567.6,36558.2,5.57783429,30,2022-01-25 21:45:00,203968.013183004
1643147160,36590.0,36590.5,36580.5,36590.5,36589.7,0.20798495,15,2022-01-25 21:46:00,7610.273312975
1643147220,36590.5,36639.6,36590.5,36618.2,36599.2,2.25367509,24,2022-01-25 21:47:00,82525.525180638
1643147280,36591.4,36591.4,36571.5,36571.5,36575.1,0.19998143,4,2022-01-25 21:48:00,7313.620867244999
1643147340,36571.5,36571.5,36571.5,36571.5,36571.5,0.08673933,9,2022-01-25 21:49:00,3172.1874070950003
1643147400,36571.5,36571.5,36484.0,36484.0,36529.1,0.20691127,12,2022-01-25 21:50:00,7548.95077468
1643147460,36481.9,36512.9,36470.0,36512.9,36499.7,0.32093919,8,2022-01-25 21:51:00,11718.420550551
1643147520,36526.1,36574.9,36522.7,36568.7,36526.3,1.47571109,14,2022-01-25 21:52:00,53964.836136882994
1643147580,36547.1,36563.6,36546.9,36563.6,36548.6,0.15322649,6,2022-01-25 21:53:00,5602.512089764
1643147640,36554.4,36656.0,36554.4,36646.0,36642.2,0.47304218,17,2022-01-25 21:54:00,17335.10372828
1643147700,36653.8,36653.8,36579.7,36605.1,36590.1,13.01858911,37,2022-01-25 21:55:00,476546.756230461
1643147760,36617.0,36620.4,36617.0,36620.4,36619.8,1.24145766,20,2022-01-25 21:56:00,45462.676092264
1643147820,36620.4,36633.0,36620.3,36632.0,36629.2,3.01385804,24,2022-01-25 21:57:00,110403.64772128001
1643147880,36640.6,36640.6,36624.6,36632.2,36630.1,0.07500201,7,2022-01-25 21:58:00,2747.4886307219995
1643147940,36624.6,36624.6,36568.7,36571.0,36604.1,0.22290163,19,2022-01-25 21:59:00,8151.73551073
1643148000,36572.0,36631.0,36570.5,36612.6,36586.3,2.15398698,29,2022-01-25 22:00:00,78863.06370394799
1643148060,36612.6,36633.7,36605.8,36632.5,36625.3,0.37508577,16,2022-01-25 22:01:00,13740.329469524999
1643148120,36649.3,36681.1,36648.8,36674.6,36656.0,1.02273666,20,2022-01-25 22:02:00,37508.457910836005
1643148180,36674.6,36674.6,36636.8,36636.8,36659.9,0.05706371,6,2022-01-25 22:03:00,2090.631730528
1643148240,36656.7,36663.3,36620.6,36627.7,36645.3,0.10117732,7,2022-01-25 22:04:00,3705.8925237639996
1643148300,36639.2,36662.4,36638.3,36643.3,36650.8,1.34329672,12,2022-01-25 22:05:00,49222.82469997601
1643148360,36643.3,36656.1,36606.8,36639.9,36635.7,1.58992670,21,2022-01-25 22:06:00,58254.75529533
1643148420,36640.0,36640.0,36639.9,36640.0,36639.9,0.37589674,16,2022-01-25 22:07:00,13772.8565536
1643148480,36640.0,36640.0,36640.0,36640.0,36640.0,1.20588405,13,2022-01-25 22:08:00,44183.591592000004
1643148540,36640.0,36640.0,36639.9,36640.0,36639.9,0.39861760,11,2022-01-25 22:09:00,14605.348864000001
1643148600,36640.0,36640.0,36639.9,36640.0,36639.9,0.09174141,8,2022-01-25 22:10:00,3361.4052623999996
1643148660,36639.9,36640.0,36639.9,36640.0,36639.9,3.67788308,7,2022-01-25 22:11:00,134757.6360512
1643148720,36640.0,36640.0,36639.9,36640.0,36639.9,0.13619216,13,2022-01-25 22:12:00,4990.0807424
1643148780,36640.0,36640.0,36639.9,36640.0,36639.9,0.07380233,6,2022-01-25 22:13:00,2704.1173712
1643148840,36640.0,36640.0,36636.9,36640.0,36639.8,3.77608505,18,2022-01-25 22:14:00,138355.75623199999
1643148900,36639.9,36640.0,36616.2,36616.2,36624.0,0.04537323,6,2022-01-25 22:15:00,1661.395264326
1643148960,36618.6,36618.6,36605.0,36607.0,36609.2,0.22382162,17,2022-01-25 22:16:00,8193.43804334
1643149020,36606.9,36606.9,36560.9,36560.9,36581.6,0.54135223,9,2022-01-25 22:17:00,19792.324745807
1643149080,36560.4,36560.4,36560.4,36560.4,36560.4,0.40358804,9,2022-01-25 22:18:00,14755.340177616
1643149140,36560.4,36560.4,36491.7,36491.7,36514.9,1.31256787,25,2022-01-25 22:19:00,47897.832941679
1643149200,36495.5,36555.3,36495.5,36555.3,36535.1,1.21750539,20,2022-01-25 22:20:00,44506.274783067
1643149260,36556.9,36559.0,36556.9,36558.9,36558.6,0.54338475,7,2022-01-25 22:21:00,19865.548736775
1643149320,36558.9,36558.9,36480.6,36496.8,36517.5,0.71995705,23,2022-01-25 22:22:00,26276.128462440003
1643149380,36495.4,36511.9,36489.7,36511.9,36491.3,0.41350708,17,2022-01-25 22:23:00,15097.929154252002
1643149440,36552.2,36558.5,36534.2,36544.1,36541.9,0.22976945,14,2022-01-25 22:24:00,8396.717757744998
1643149500,36549.8,36549.8,36518.4,36526.8,36549.6,4.23060009,8,2022-01-25 22:25:00,154530.28336741202
1643149560,36531.3,36547.8,36531.3,36547.8,36545.2,0.10979961,8,2022-01-25 22:26:00,4012.9341863580007
1643149620,36549.8,36614.1,36549.8,36614.1,36567.4,2.63172407,16,2022-01-25 22:27:00,96358.208271387
1643149680,36637.0,36640.0,36631.1,36631.1,36638.5,1.60826288,15,2022-01-25 22:28:00,58912.438383568
1643149740,36631.2,36631.2,36609.7,36609.7,36631.0,2.32867139,12,2022-01-25 22:29:00,85251.96098648298
1643149800,36615.2,36615.2,36615.1,36615.2,36615.1,0.04517227,4,2022-01-25 22:30:00,1653.991700504
1643149860,36615.2,36615.2,36614.5,36614.5,36614.5,0.88483936,13,2022-01-25 22:31:00,32397.95074672
1643149920,36614.4,36614.4,36591.1,36591.2,36609.9,2.37517819,22,2022-01-25 22:32:00,86910.620185928
1643149980,36591.2,36591.2,36574.2,36587.2,36585.6,2.16707053,12,2022-01-25 22:33:00,79287.042895216
1643150040,36587.2,36640.0,36587.1,36640.0,36613.3,2.91041433,37,2022-01-25 22:34:00,106637.5810512
1643150100,36640.0,36756.6,36640.0,36747.4,36734.2,2.61705623,24,2022-01-25 22:35:00,96170.012106302
1643150160,36750.6,36750.6,36707.4,36716.7,36718.0,1.75768449,20,2022-01-25 22:36:00,64536.374113982994
1643150220,36714.8,36714.8,36707.1,36707.1,36712.9,0.22556187,7,2022-01-25 22:37:00,8279.722118276999
1643150280,36689.2,36689.2,36645.2,36645.2,36684.0,1.15079122,11,2022-01-25 22:38:00,42170.974415143995
1643150340,36641.1,36641.1,36623.8,36623.8,36629.1,1.02631115,6,2022-01-25 22:39:00,37587.41429537
1643150400,36624.3,36624.3,36624.2,36624.3,36624.2,0.56509223,10,2022-01-25 22:40:00,20696.107359189
1643150460,36624.3,36689.1,36624.3,36689.1,36665.8,0.40973344,19,2022-01-25 22:41:00,15032.751153504
1643150520,36689.2,36689.2,36671.3,36671.3,36681.4,0.23815752,15,2022-01-25 22:42:00,8733.545863176001
1643150580,36671.3,36671.3,36671.3,36671.3,36671.3,0.02573470,3,2022-01-25 22:43:00,943.72490411
1643150640,36671.3,36671.3,36671.2,36671.2,36671.2,0.01373180,8,2022-01-25 22:44:00,503.56158416
1643150700,36665.0,36671.3,36650.1,36671.3,36669.1,0.01448027,6,2022-01-25 22:45:00,531.010325251
1643150760,36671.3,36695.2,36671.3,36681.7,36686.8,2.48307799,24,2022-01-25 22:46:00,91083.521905783
1643150820,36686.1,36709.7,36686.1,36709.7,36699.4,1.00147596,7,2022-01-25 22:47:00,36763.882048811996
1643150880,36709.7,36709.7,36695.1,36695.1,36697.0,0.04186005,7,2022-01-25 22:48:00,1536.058720755
1643150940,36685.8,36685.8,36679.8,36685.6,36685.4,1.27638485,18,2022-01-25 22:49:00,46824.94405316
1643151000,36685.5,36729.6,36685.5,36690.9,36690.1,1.93409449,15,2022-01-25 22:50:00,70963.667523141
1643151060,36690.3,36709.0,36690.3,36704.4,36703.8,0.39227581,4,2022-01-25 22:51:00,14398.248240564
1643151120,36700.0,36714.2,36700.0,36714.2,36703.0,0.19933524,13,2022-01-25 22:52:00,7318.433868407999
1643151180,36718.3,36728.9,36717.6,36728.9,36722.3,0.56241021,7,2022-01-25 22:53:00,20656.708362069003
1643151240,36718.6,36718.7,36718.6,36718.7,36718.6,0.00906013,4,2022-01-25 22:54:00,332.67619543099994
1643151300,36723.5,36723.5,36723.4,36723.5,36723.4,1.00432012,6,2022-01-25 22:55:00,36882.14992682
1643151360,36723.5,36723.5,36723.5,36723.5,36723.5,0.47035545,4,2022-01-25 22:56:00,17273.098368075
1643151420,36723.5,36723.5,36723.4,36723.5,36723.4,0.03566425,7,2022-01-25 22:57:00,1309.716084875
1643151480,36723.5,36723.5,36723.5,36723.5,36723.5,0.07875905,5,2022-01-25 22:58:00,2892.3079726749997
1643151540,36723.5,36790.6,36723.5,36790.3,36769.6,0.97114763,27,2022-01-25 22:59:00,35728.81265198901
1643151600,36798.0,36798.0,36738.6,36739.6,36750.5,0.20636394,11,2022-01-25 23:00:00,7581.728610024
1643151660,36739.7,36782.9,36739.7,36765.9,36770.8,0.84432786,17,2022-01-25 23:01:00,31042.473667974
1643151720,36776.9,36778.0,36776.9,36778.0,36777.1,0.12400000,7,2022-01-25 23:02:00,4560.472
